NrKR;ROURO;MURO;RAHF;NRMATKI;RMHF;NROJCA;ROHF;ROKWY;MIEWY;KGMLE;KGT£U;PRT£U;KGBIA£;PRBIA£
43391808;1996;3;0.72;43332271;0.5;9008940;0.94;1998;5;6034;223;3.69;193;3.2
37789113;1995;2;0.5;43332180;0.5;1248615;0.5;1997;4;4935;190;3.85;147;2.98
43380732;1994;8;0.25;433121889;0;1248615;0.5;1996;11;5249;213;4.05;166;3.16
43379249;1994;3;0.62;37759184;0.25;546745;1;1996;10;5593;273;4.88;187;3.36
43380745;1994;8;0.68;43332093;0.37;4719546;1;1996;10;5324;202;3.8;154;2.9
43379948;1994;4;0.81;43312293;0.62;4719546;1;1996;12;6415;256;3.99;190;2.96
53300184;1995;10;0.67;37777088;0.35;4719546;1;1998;1;5937;228;3.83;167;2.81
43380751;1994;9;0.62;27764339;0.25;4719546;1;1996;12;5036;212;4.21;162;3.22
43379932;1994;4;0.5;277838256;0;4719546;1;1996;11;5780;241;4.17;176;3.04
53300156;1995;8;0.5;43369820;0;4719546;1;1998;3;6587;229;3.47;211;3.21
43380777;1994;10;0.68;43332594;0.37;4719546;1;1996;12;6849;242;3.54;189;2.76
43380746;1994;8;0.62;37777016;0.25;4719546;1;1997;5;5455;245;4.5;181;3.33
43380771;1994;9;0.5;33354238;1;4719546;1;1996;12;5276;202;3.83;163;3.08
43380792;1994;10;0.5;37777032;0;4719546;1;1996;12;6478;240;3.7;179;2.76
43390967;1995;1;0.75;43312384;0.5;4719546;1;1997;3;5856;226;3.86;177;3.03
43380758;1994;9;0.5;43338892;0;4719546;1;1996;11;4790;189;3.94;139;2.9
43380757;1994;9;0.59;433324461;0.25;9027647;0.94;1996;12;6492;262;4.04;198;3.05
43391610;1996;1;0.75;37759137;0.5;6456342;1;1998;7;4905;211;4.31;169;3.45
53313231;1998;5;0.62;433909083;0.43;371401;0.81;2000;9;1811;106;5.86;51;2.85
43380721;1994;8;0.78;43352378;0.56;4719546;1;1996;9;3877;159;4.09;122;3.15
53308512;1997;8;0.62;43370356;0.85;551948;1;2000;3;7264;256;3.53;211;2.91
53301261;1996;6;0.67;43332282;0.6;910112;0.75;1998;12;4559;190;4.16;142;3.11
43393786;1996;10;0.5;43332528;0;551948;1;1999;3;4832;171;3.53;145;3
43353142;1993;1;0.37;333722375;0;5804518;0.75;1995;8;3824;158;4.11;124;3.23
43380748;1994;8;0.68;33389233;0.5;5115711;0.87;1997;3;5584;217;3.89;178;3.18
43394312;1996;12;0.62;43370384;0.62;720905;0.63;1999;4;4009;163;4.07;129;3.21
43372876;1993;9;0.62;37759126;0.25;5441348;1;1995;11;4294;156;3.64;135;3.14
43392124;1996;4;0.75;37759007;0.5;1464142;1;1998;6;5807;220;3.79;186;3.2
53308355;1997;6;0.72;43379228;0.44;7186346;1;1999;10;4560;182;4;157;3.44
37789136;1995;4;0.75;43332238;0.5;4719546;1;1997;6;5399;224;4.16;166;3.08
53313230;1998;5;0.47;433799933;0;9067344;0.94;2000;9;1065;36;3.36;33;3.12
43393789;1996;11;0.5;33354101;0;551948;1;1999;3;4720;204;4.33;152;3.23
43394318;1996;12;0.87;433799488;0.75;5511948;1;1999;8;4256;168;3.94;138;3.24
43332626;1991;7;0.5;23361333;0;5605346;1;1994;2;3389;143;4.22;109;3.21
53311320;1997;9;0.76;43379985;0.74;370407;0.78;2000;1;5193;179;3.44;162;3.11
53311343;1997;11;0.87;37777118;0.75;6456342;1;2000;2;6869;231;3.37;203;2.96
43391035;1995;2;0.68;37734123;0.5;5115711;0.87;1997;5;5134;218;4.26;168;3.27
53311382;1998;1;0.59;43338664;0.31;9081841;0.88;2000;5;5120;182;3.56;159;3.11
43392129;1996;4;0.68;33389222;0.37;6456342;1;1998;6;6532;234;3.58;214;3.28
53313274;1998;6;0.81;433921297;0.68;9067249;0.94;2000;9;1896;71;3.76;60;3.19
43352417;1992;3;0.5;33354270;0;5437446;1;1994;4;3765;170;4.53;128;3.41
37777086;1993;3;0.25;37759088;0.5;4632914;0;1995;7;4311;179;4.15;142;3.3
43391562;1996;1;0.75;43373818;0.75;1840910;0.75;1998;4;5045;209;4.14;165;3.27
53305270;1997;2;0.61;27790621;0.25;551948;1;1999;8;3790;148;3.92;121;3.2
43352306;1991;12;0.12;333149331;0.25;4480717;0;1994;7;3165;125;3.95;93;2.95
53308545;1997;9;0.62;43353415;0.25;551948;1;2000;3;4893;198;4.04;176;3.6
53311326;1997;10;0.75;43379928;0.5;7986641;1;2000;1;4092;168;4.11;139;3.4
43391586;1995;12;0.5;13311568;0;1464142;1;1998;12;4261;164;3.85;124;2.91
53308381;1997;6;0.75;53300105;0.5;551948;1;2000;1;4757;155;3.25;156;3.28
43373973;1994;2;0.62;27767522;0.25;5441348;1;2000;4;4291;164;3.83;135;3.15
53311305;1997;9;0.79;53300112;0.7;9081841;0.88;2000;1;5811;191;3.28;174;3
43392141;1996;4;0.56;43352319;0.12;9042493;1;1998;6;4492;172;3.82;142;3.16
43338664;1992;8;0.31;43332089;0.37;4645414;0.25;1994;11;5016;200;3.99;167;3.83
37777013;1992;5;0.25;33389277;0.5;4251318;0;1994;8;4146;181;4.37;146;3.51
43391124;1995;3;0.62;433121978;0.25;4719546;1;1997;7;5992;228;3.81;182;3.04
53300185;1995;11;0.75;43332267;0.62;6118247;0.87;1998;4;4756;178;3.74;154;3.24
43373801;1993;11;0.5;33372159;0;5441348;1;1995;12;5332;199;3.74;160;3
53311302;1997;9;0.87;53300126;0.75;551948;1;2000;1;3967;145;3.66;128;3.22
43379936;1994;4;0.5;43352439;0;4719546;1;1996;7;4198;189;4.49;140;3.33
43379239;1994;2;0.5;43312298;0;546745;1;1996;6;4427;185;4.19;151;3.42
43390921;1994;11;0.5;27790664;0;552542;1;1997;1;5215;214;4.11;162;3.1
43391524;1995;11;0.5;27790656;0;1841146;1;1998;1;6218;223;3.59;190;3.06
53300179;1995;9;0.62;43332369;0.25;9042443;1;1997;12;6149;205;3.33;173;2.81
43391564;1995;12;0.75;43332064;0.5;1841142;1;1998;4;5712;251;4.39;189;3.31
43391646;1996;2;0.84;43370386;0.68;1464142;1;1998;5;5097;167;3.27;154;3.02
53308387;1997;7;0.81;43373973;0.62;7186346;1;2000;1;4637;153;3.31;158;3.41
53311321;1997;9;0.68;43338894;0.37;6456342;1;2000;1;5052;170;3.37;163;3.22
53308550;1997;9;0.78;43379187;0.56;551948;1;2000;3;4428;164;3.71;143;3.23
53300110;1995;7;0.62;43353118;0.25;4719547;1;1998;1;6639;241;3.63;202;3.05
43391651;1996;2;0.75;37734200;0.5;6456342;1;1998;5;6009;220;3.66;184;3.07
43353994;1993;3;0.54;43312297;0.5;324008;0.58;1995;6;3874;158;4.08;127;3.27
53308357;1997;6;0.81;43370129;0.62;551948;1;1999;10;1604;70;4.36;49;3.06
43391584;1995;12;0.75;43332269;0.5;1464142;1;1998;5;5975;223;3.73;200;3.35
53305364;1997;3;0.5;43353156;0;551948;1;1999;8;4081;165;4.03;139;3.4
43373969;1994;2;0.59;43332230;0.5;892217;0.68;1996;5;4456;176;3.95;142;3.18
53311407;1998;1;0.56;43332321;0.25;9081841;0.88;2000;5;4525;167;3.69;143;3.16
43373352;1993;11;0.5;33372226;0;5441348;1;1996;3;4871;213;4.37;159;3.26
43352366;1992;2;0.5;43312349;0;5437446;1;1994;4;4701;189;4.02;153;3.25
53300107;1995;6;0.5;43312296;0;1841142;1;1998;5;5931;201;3.38;185;3.12
43391536;1995;11;0.37;43332688;0.25;6118247;0.87;1998;4;6777;267;3.94;221;3.26
43380722;1994;8;0.5;37759191;0;4719546;1;1997;2;5919;234;3.95;189;3.19
43391676;1996;2;0.56;43353147;0.12;6456342;1;1998;4;5911;237;4.01;192;3.25
43380774;1994;9;0.5;27783804;0;4719546;1;1997;1;5612;212;3.95;166;2.96
43391644;1995;2;0.62;27767522;0.25;1464142;1;1998;5;5454;233;4.27;178;3.26
43391127;1995;3;0.68;43353156;0.5;6118247;0.87;1997;4;5871;231;3.94;183;3.11
53301296;1996;8;0.56;43332112;0.25;915045;0.87;1999;1;5439;236;3.67;202;3.13
43391543;1995;11;0.43;43332637;0;6118247;0.87;1998;7;5794;236;4.07;195;3.36
43372571;1993;3;0.5;33314738;0.25;5804518;0.75;1995;5;4318;165;3.81;133;3.08
43353156;1993;2;0.5;33314780;0.25;5804518;0.75;1995;3;4628;189;4.09;154;3.33
43332656;1991;9;0.25;43312091;0.5;4480717;0;1994;2;4850;211;4.36;152;3.15
43370125;1993;6;0.56;43332332;0.37;5804518;0.75;1995;9;4383;186;4.25;158;3.61
43390970;1995;1;0.56;27767522;0.25;5115711;0.87;1997;2;5071;192;3.78;159;3.13
43390927;1994;11;0.5;43332655;0;4719516;1;1997;2;4414;183;4.14;144;3.27
43393325;1996;8;0.64;43399904;0.53;410112;0.75;1999;1;4136;185;4.48;143;3.45
43391075;1995;3;0.43;37759169;0.25;438209;0.62;1997;8;4305;185;4.3;142;3.29
53301262;1996;6;0.62;37777086;0.25;7077945;1;1998;12;5962;246;4.12;196;3.29
43372868;1993;8;0.12;433123938;0.25;326901;0;1995;10;3477;148;4.26;117;3.37
53300169;1995;9;0.79;37759142;0.72;6118247;0.87;1998;6;6482;244;3.77;200;3.08
53308384;1997;7;0.78;533000660;0.62;2131546;0.94;1999;10;5126;188;3.67;154;3.01
43373351;1993;10;0.5;23318358;0;5441348;1;1996;1;4674;168;3.59;148;3.16
43340170;1992;10;0.5;27790671;0;4687947;1;1994;12;4329;165;3.81;146;3.37
43391038;1995;1;0.43;43332597;0.25;350801;0.62;1997;3;5432;209;3.84;153;2.81
53305294;1997;2;0.84;37770611;0.75;2131546;0.94;1999;11;4808;162;3.37;145;3.01
53308546;1997;9;0.62;43353515;0.25;551948;1;2000;3;5196;226;4.34;174;3.34
53305492;1997;6;0.65;43391022;0.31;551948;1;1999;9;4549;169;3.72;145;3.18
53308511;1997;8;0.86;53300019;0.73;551948;1;1999;11;4997;185;3.71;152;3.04
53305451;1997;5;0.75;43332265;0.5;551948;1;1999;8;4903;208;4.24;138;2.81
43394379;1997;1;0.5;43379946;0;551948;1;1999;9;2808;88;3.15;85;3.04
43391087;1995;3;0.75;433122932;0.62;6118847;0.87;1997;6;3721;151;4.07;119;3.21
43391545;1995;12;0.6;43352566;0.37;589905;0.81;1998;7;3251;106;3.27;105;3.22
37777079;1993;3;0.28;43332259;0.56;4632914;0;1995;5;4215;173;4.11;134;3.17
53301295;1996;8;0.69;33389238;0.5;915045;0.87;1998;11;4443;200;4.5;145;3.27
53305365;1997;3;0.5;433325360;0;1995840;1;1999;10;5137;209;4.07;152;2.95
43370394;1993;7;0.56;27790655;0.12;5441348;1;1995;11;4078;143;3.51;115;2.81
43390969;1996;1;0.68;43339912;0.5;5115711;0.87;1997;3;4764;196;4.12;153;3.22
53305291;1997;5;0.81;43390970;0.62;551948;1;1999;11;5203;204;3.93;157;3.02
43352398;1992;2;0.5;133948270;0;4687947;1;1994;4;4236;178;4.21;142;3.36
43391633;1996;2;0.62;23361536;0.25;6456342;1;1998;8;3803;132;3.46;119;3.14
43393327;1996;8;0.56;43379993;0.25;915045;0.87;1999;1;5402;238;4.41;193;3.57
43390902;1994;11;0.68;433122283;0.37;552542;1;1997;1;5770;235;4.06;183;3.77
53308504;1997;7;0.65;43339500;0.37;2131546;0.94;1999;10;5826;232;3.97;181;3.11
53308543;1997;8;0.85;53300092;0.7;551948;1;2000;2;3997;113;3.24;105;2.99
43380796;1994;10;0.5;33354288;0;4719546;1;1997;1;5845;230;3.94;183;3.13
53311381;1998;1;0.62;43332060;0.25;1995840;1;2000;4;4715;162;3.44;147;3.05
43391130;1995;3;0.68;43352247;0.37;7027645;1;1997;6;4264;168;3.94;121;2.83
43379952;1994;5;0.65;43332498;0.5;418708;0.81;1996;8;5169;202;3.9;154;2.98
43380701;1994;5;0.31;43352306;0.12;1248615;0.5;1996;8;4264;170;3.99;136;3.19
43380709;1994;6;0.68;33399617;0.37;4719546;1;1996;8;4346;182;4.18;135;3.1
53308382;1997;1;0.78;53300083;0.56;551948;1;2000;1;5699;202;3.54;170;2.99
43379916;1994;4;0.68;43352298;0.37;4719546;1;1996;7;4322;174;4.03;133;3.08
43379293;1994;4;0.5;33370946;0;546745;1;1996;8;3224;148;4.6;111;3.43
43379242;1994;3;0.5;43332012;0;546745;1;1996;7;4330;155;3.59;125;2.88
53300120;1995;7;0.53;43353991;0.21;9032240;0.94;1997;10;5331;215;4.03;162;3.03
43391078;1995;2;0.62;43312195;0.25;4719546;1;1997;4;4988;206;4.13;161;3.22
53308386;1997;7;0.84;53300099;0.75;2131546;0.94;1999;10;5622;207;3.69;182;3.24
37789061;1994;5;0.37;43352330;0.25;5370618;0.5;1996;7;4393;176;4.02;148;3.37
43391133;1995;4;0.68;43312337;0.5;6118247;0.87;1997;6;4425;157;3.55;127;2.88
37789063;1994;5;0.62;333709393;0.5;6823911;0.75;1996;7;3534;142;4.01;110;3.1
43393702;1996;6;0.75;43332666;0.5;9042443;1;1998;8;4652;183;3.93;154;3.31
53305485;1997;6;0.75;43339912;0.5;1995840;1;2000;1;5487;168;3.06;168;3.06
37789065;1994;5;0.68;433324568;0.62;6823911;0.75;1996;8;5219;195;3.73;155;2.97
43391040;1995;2;0.43;33389078;0;5115749;0.87;1997;3;4461;173;3.88;138;3.09
43379282;1994;4;0.5;43352343;0.5;1248615;0.5;1996;6;4444;151;3.4;123;3.76
53311330;1997;10;0.56;43339045;0.12;1995840;1;2000;4;5710;177;3.1;169;2.96
37791314;1997;6;0.81;37789054;0.62;9071448;1;1999;9;7977;345;4.33;264;3.31
37790764;1997;4;0.9;37777134;0.81;9072547;1;1999;8;8052;290;3.61;250;3.11
37790642;1996;2;0.75;43332026;0.5;9013343;1;1998;8;6912;292;4.22;217;3.14
43352470;1992;4;0.62;33399818;0.5;305006;0.75;1994;12;6923;283;4.08;235;3.4
37777120;1993;9;0.81;37759063;0.62;5441348;1;1995;10;7603;311;4.09;256;3.41
37777116;1993;8;0.81;33389096;0.62;5441348;1;1995;10;6663;306;4.59;240;3.6
37789048;1994;4;0.78;37759162;0.56;4719546;1;1996;6;7578;340;4.48;225;2.97
37789181;1996;1;0.75;43339049;0.5;9002841;1;1998;7;6920;300;4.33;240;3.47
37789187;1996;1;0.75;37759074;0.5;9002841;1;1998;7;6471;305;4.71;218;3.37
37790668;1996;6;0.81;43342419;0.62;9013343;1;1998;9;7012;341;4.87;229;3.26
37790776;1997;5;0.87;37777081;0.75;9059444;1;2000;1;8330;283;3.4;251;3.01
37791319;1997;7;0.8;43370380;0.61;9071448;1;1999;12;8767;242;2.76;271;3.09
37791342;1997;11;0.87;37777106;0.75;9056547;1;2000;6;5892;224;3.8;180;3.05
37790756;1997;4;0.79;43391089;0.59;9059444;1;1999;7;9472;342;3.61;300;3.17
37790747;1997;3;0.75;43372580;0.5;9072547;1;1999;8;7575;258;3.41;247;3.26
37791308;1997;6;0.78;43391096;0.56;9059444;1;1999;9;7286;350;4.81;262;3.59
37790643;1996;3;0.75;37759129;0.5;9002841;1;1998;7;7036;308;4.38;262;3.73
37777058;1993;1;0.81;43312306;0.62;4687947;1;1995;1;9514;377;3.96;303;3.19
37789125;1995;3;0.78;43312270;0.62;9008940;0.94;1997;6;7112;339;4.76;250;3.51
37789196;1996;2;0.81;43353095;0.62;9002841;1;1998;7;7197;312;4.34;248;3.44
37791327;1997;8;0.87;37789070;0.73;9056547;1;1999;11;8306;256;3.12;247;2.97
37789070;1994;6;0.73;43332525;0.47;4719546;1;1994;7;6996;301;4.3;234;3.34
37790779;1997;5;0.87;43379299;0.75;9059444;1;1999;9;8812;267;3.03;269;3.05
37790741;1997;1;0.87;37777142;0.75;9072547;1;1999;5;7044;301;4.28;217;3.08
37789039;1994;4;0.87;37759048;0.75;4719546;1;1996;7;7399;306;4.13;232;3.13
37790774;1997;5;0.87;37789009;0.75;9059444;1;1999;10;7609;294;3.86;228;2.99
37777104;1993;7;0.71;37759103;0.67;5804518;0.75;1995;11;7568;313;4.13;258;3.41
37777069;1996;2;0.5;33314593;0.25;8504518;0.75;1995;4;7165;315;4.39;249;3.48
37789131;1995;4;0.78;43312324;0.62;9008940;0.94;1997;5;9530;425;4.46;313;3.28
37789134;1995;4;0.81;43332456;0.62;4719546;1;1997;7;8159;316;3.87;264;3.23
37790780;1997;5;0.9;37777125;0.81;9059444;1;1999;9;7505;236;3.15;224;2.98
37777062;1993;2;0.68;33381015;0.5;5115711;0.87;1995;7;8892;377;4.24;309;3.47
37789054;1994;5;0.62;43352391;0.75;1248615;0.5;1996;8;6403;303;4.74;227;3.54
37789124;1995;3;0.72;33399822;0.5;9008940;0.94;1997;4;7253;319;4.4;228;3.14
37789119;1995;3;0.72;27789285;0.5;9032450;0.94;1997;6;7338;336;4.58;249;3.4
37789105;1995;6;0.78;53399615;0.62;9008940;0.94;1997;5;8565;379;4.42;273;3.19
37790720;1996;10;0.9;43380725;0.81;3786344;1;1999;2;5383;215;3.99;150;2.78
37789108;1995;1;0.68;33399842;0.5;5115749;0.87;1997;4;6821;332;4.87;218;3.19
43391627;1996;1;0.75;43373367;0.5;1464142;1;1998;7;7302;292;4;238;3.26
43391574;1995;12;0.75;43332182;0.5;1464142;1;1998;3;7265;245;3.37;226;3.11
37790722;1996;10;0.9;37789084;0.81;9072547;1;1998;12;6575;231;3.51;186;2.83
37790674;1996;6;0.87;37789011;0.75;9059549;1;1998;7;5912;239;4.04;187;3.16
37777101;1993;6;0.5;33354221;0;5441348;1;1995;10;6948;280;4.02;225;3.24
37790772;1997;4;0.79;43391119;0.59;9059444;1;1999;8;5756;235;4.08;193;3.36
37790748;1997;3;0.82;37777105;0.62;1995840;1;1999;8;5608;239;4.26;167;2.98
37789016;1994;2;0.81;43312123;0.62;546745;1;1996;6;6925;303;4.37;221;3.19
43352391;1992;3;0.75;33389261;0.5;3790848;1;1994;5;7046;301;4.27;239;3.39
53300148;1995;8;0.72;43352373;0.5;3773844;0.94;1997;10;7760;264;3.4;237;3.05
37789069;1994;6;0.81;43312076;0.62;4719546;1;1996;8;6685;317;4.74;229;3.42
37791310;1997;6;0.87;37789130;0.75;9059444;1;1999;10;6629;296;4.47;207;3.12
37789093;1994;10;0.78;37734193;0.62;9008940;0.94;1998;1;9341;454;4.86;297;3.18
37789107;1995;1;0.68;43339049;0.5;5115749;0.87;1997;4;7371;351;4.76;246;3.34
37789149;1995;6;0.78;43332443;0.62;9032240;0.94;1997;8;8169;362;4.44;277;3.39
37789164;1995;9;0.81;37777096;0.62;1464142;1;1997;11;7628;282;3.7;259;3.4
37790749;1997;3;0.87;37789005;0.75;9072547;1;1999;7;6123;263;4.3;198;3.23
37790670;1996;6;0.87;37789018;0.75;9059549;1;1998;9;7857;289;3.67;225;2.87
37790679;1996;7;0.87;37789004;0.75;9042443;1;1998;12;7700;295;3.83;233;3.03
37791305;1997;5;0.81;43391134;0.63;551948;1;1999;9;6938;306;4.41;218;3.14
37789126;1995;3;0.72;43332331;0.5;9008940;0.94;1997;8;8544;352;4.12;265;3.1
37790775;1997;5;0.9;37789105;0.81;9059444;1;1999;9;6674;262;3.93;217;3.25
37791315;1997;6;0.82;37777062;0.64;9071448;1;1999;11;7485;303;4.04;224;2.99
37789167;1995;10;0.75;37777101;0.5;9042443;1;1998;3;6646;274;4.12;224;3.37
37790666;1996;6;0.87;37789036;0.75;9059444;1;1998;8;7260;268;3.7;231;3.18
37789190;1996;1;0.75;43312077;0.5;9013343;1;1998;9;6070;280;4.61;200;3.3
37790751;1997;3;0.78;43353105;0.56;9072547;1;1999;8;8786;382;4.35;280;3.19
37790761;1997;4;0.71;43391021;0.37;551948;1;1999;8;8254;448;5.43;273;3.32
43353095;1992;12;0.62;33314848;0.25;4687947;1;1995;3;6892;322;4.67;239;3.47
37789014;1994;2;0.75;27790631;0.5;5441348;1;1996;9;8039;370;4.61;256;3.19
37790675;1996;7;0.84;37777056;0.68;9013343;1;1999;5;8390;322;3.83;268;3.2
37790732;1996;11;0.81;43352559;0.62;9072547;1;1999;3;8571;396;4.61;249;2.91
37789117;1995;3;0.78;43332305;0.62;9032240;0.94;1997;4;8828;367;4.15;287;3.25
37791316;1997;7;0.77;53300027;0.85;551948;1;1999;10;8828;372;4.21;263;2.98
37790656;1996;5;0.68;43312369;0.37;9002842;1;1998;9;7302;341;4.67;267;3.62
37790678;1996;7;0.75;37789034;0.5;9059549;1;1998;12;8676;437;5.03;298;3.43
37791313;1997;6;0.87;37789004;0.75;9071448;1;2000;1;7854;344;4.38;248;3.16
37791321;1997;7;0.87;37777097;0.75;9071448;1;1999;11;8328;403;4.84;258;3.1
37790757;1997;4;0.84;37777036;0.68;9072547;1;1999;8;6206;292;4.71;206;3.32
37790708;1996;8;0.78;37789067;0.62;2131546;0.94;1999;1;8659;394;4.55;249;2.87
37777127;1993;10;0.75;43312186;0.5;5441348;1;1996;8;4650;394;4.16;259;3.38
37790773;1997;4;0.75;43391091;0.5;551946;1;1999;11;7890;317;4.02;253;3.21
37790659;1996;5;0.75;43352465;0.5;9013343;1;1998;8;7061;315;4.46;241;3.42
37789082;1994;8;0.75;43352465;0.5;4719546;1;1996;10;7501;335;4.46;245;3.26
37791329;1997;9;0.94;37789154;0.87;9056547;1;2000;1;7315;408;5.58;233;3.19
37790767;1997;4;0.75;43391118;0.5;551948;1;1999;9;7636;362;4.74;236;3.09
37789087;1994;9;0.72;37759038;0.5;9032240;0.94;1996;11;7934;399;5.03;271;3.42
43370399;1993;7;0.68;43312131;0.37;5441348;1;1995;9;8297;339;4.09;267;3.22
37790739;1996;12;0.72;43312211;0.5;2131546;0.94;1999;5;8413;371;4.41;273;3.24
37789003;1994;1;0.81;43312231;0.62;6112948;1;1996;3;7402;370;5;257;3.47
37790701;1996;7;0.75;43332514;0.5;9042443;1;1998;12;7739;378;4.88;241;3.11
43380723;1994;8;0.62;43352504;0.25;4719546;1;1996;10;7251;336;4.64;233;3.21
43380765;1994;9;0.5;43332208;0;552542;1;1996;5;7624;335;4.39;236;3.1
37790728;1996;11;0.75;43380765;0.5;9072547;1;1999;2;8591;339;3.95;259;3.01
37789009;1994;2;0.75;43312339;0.5;5441348;1;1996;6;7392;363;4.91;237;3.2
43393346;1996;9;0.84;43379938;0.76;2131546;0.94;1998;11;6945;243;3.5;213;3.06
37789084;1994;8;0.78;43312074;0.62;9032240;0.94;1996;10;8733;415;4.75;276;3.16
37790771;1997;4;0.75;43332314;0.5;9072547;1;1999;9;8519;351;4.12;277;3.25
37790658;1996;5;0.87;37789030;0.75;9042443;1;1998;8;7741;334;4.31;257;3.32
37790759;1997;5;0.71;43370357;0.43;551948;1;1999;8;5354;270;5.04;187;3.5
37790730;1996;11;0.75;37777101;0.5;1995840;1;1999;4;8168;370;4.53;265;3.25
37789129;1995;3;0.73;43332361;0.46;4719546;1;1997;5;6665;304;4.57;214;3.21
37790721;1996;10;0.88;43380726;0.76;9072547;1;1998;12;8208;331;4.03;253;3.08
43391056;1995;2;0.5;43332295;0.25;6118247;0.87;1997;5;7892;298;3.78;256;3.25
43391048;1995;2;0.68;33389175;0.5;6118247;0.87;1997;4;7328;312;4.26;229;3.12
37789160;1995;8;0.87;37777103;0.75;4719546;1;1997;10;7759;297;3.83;251;3.24
53300062;1995;5;0.65;43369828;0.31;4719546;1;1997;7;7825;317;4.05;254;3.24
37791309;1997;6;0.87;37789030;0.75;9059444;1;1999;11;8184;297;3.62;259;3.17
37790717;1996;10;0.87;43380704;0.75;9072547;1;1999;1;7527;291;3.87;237;3.15
37789161;1995;8;0.86;43370122;0.72;9042443;1;1997;11;9485;389;4.1;315;3.32
43391114;1995;3;0.62;43332337;0.5;572910;0.75;1997;6;7430;383;5.15;274;3.69
43380782;1994;10;0.84;43332285;0.68;552542;1;1997;4;9761;415;4.25;301;3.08
37789175;1995;12;0.9;37777129;0.81;1464142;1;1998;3;7427;286;3.85;232;3.12
43391824;1996;3;0.65;43332321;0.37;9008940;0.94;1998;5;6391;273;4.27;222;3.47
37791332;1997;10;0.87;37777127;0.75;9056547;1;2000;4;7002;288;4.12;202;2.88
37790760;1997;4;0.87;37789036;0.75;9072547;1;1999;10;8111;322;3.97;259;3.19
37789186;1996;1;0.81;43352261;0.62;1464142;1;1998;4;6726;269;3.99;216;3.21
37791312;1997;6;0.9;533000945;0.8;551948;1;1999;11;7387;319;4.32;229;3.1
43391104;1995;3;0.78;43352348;0.56;7027645;1;1997;5;7927;344;4.34;250;3.15
37790746;1997;2;0.75;37777069;0.5;1995840;1;1999;4;7466;355;4.75;246;3.3
37790769;1997;4;0.84;43391080;0.68;9054444;1;1999;10;7472;286;3.83;247;3.3
37791323;1997;7;0.75;37789044;0.5;9071448;1;1999;11;7950;322;4.05;250;3.15
37789149;1995;6;0.78;43332443;0.62;9032240;0.94;1997;8;8169;362;4.44;277;3.39
37789185;1996;1;0.68;43312103;0.37;1464142;1;1998;3;6786;256;3.74;220;3.24
37790778;1997;5;0.87;43379299;0.75;9059444;1;1999;10;7538;305;4.05;238;3.16
37790718;1996;10;0.72;37734191;0.5;2131546;0.94;1999;1;7243;282;3.89;214;2.96
37790647;1996;3;0.9;37789003;0.81;9059549;1;1998;7;7326;341;4.65;248;3.38
37790743;1997;2;0.78;43352395;0.56;551948;1;1999;11;9099;335;3.68;268;2.94
43391067;1995;2;0.62;23361536;0.25;4719546;1;1997;3;3858;176;4.56;114;2.95
53300146;1995;8;0.56;43352493;0.18;3773844;0.94;1998;4;5781;244;4.22;175;3.02
43393281;1996;5;0.81;37777080;0.75;1711741;0.75;1998;7;6238;222;3.56;187;2.99
43394301;1996;11;0.62;43332656;0.25;551948;1;1999;3;5828;227;3.9;184;3.15
53305497;1997;6;0.81;37789138;0.62;551948;1;1999;11;6112;239;3.9;186;3.04
53305457;1997;5;0.84;43391035;0.68;551948;1;1999;11;4140;183;4.42;138;3.33
43391547;1995;12;0.5;43332178;0;1841142;1;1998;4;5560;222;3.99;169;3.04
43392160;1996;4;0.81;33389286;0.62;9042443;1;1998;7;4998;205;4.1;154;3.09
37790664;1996;5;0.87;43379940;0.75;9008940;0.94;1998;7;5458;196;3.6;164;3
53305486;1997;6;0.79;43379227;0.58;551948;1;1999;8;5035;182;3.61;149;2.95
43391061;1995;2;0.62;43352413;0.25;4719546;1;1997;3;3726;178;4.79;112;3.01
43380702;1994;7;0.62;33354249;0.25;4719546;1;1996;10;3785;149;3.95;110;2.99
43393347;1996;9;0.43;43353375;0;2976649;0.87;1999;1;4864;196;4.01;161;3.32
43391026;1995;1;0.75;37734172;0.5;4719546;1;1997;3;3466;146;4.2;106;3.06
43391560;1995;12;0.62;43376802;0.25;1464142;1;1998;4;4378;177;4.04;122;2.78
43393330;1996;8;0.75;43380709;0.62;913045;0.87;1999;2;5238;180;3.44;164;3.13
43391068;1995;2;0.5;43312177;0;4719546;1;1997;3;3391;156;4.59;105;3.09
53311341;1997;11;0.69;43332433;0.5;9081841;0.88;2000;3;5568;195;3.5;158;2.84
43393331;1996;8;0.75;43332448;0.62;915045;0.88;1999;2;3954;155;3.92;123;3.11
53311337;1997;10;0.75;43379959;0.5;7223948;1;2000;2;5168;191;3.69;164;3.18
43379985;1994;6;0.75;433322817;0.75;10308;0.75;1996;10;3232;127;3.92;96;2.97
43379288;1994;4;0.62;37759192;0.25;546745;1;1996;9;3482;142;4.07;107;3.06
43393318;1996;5;0.81;43352485;0.62;9042443;1;1998;7;4254;162;3.82;123;2.88
43393345;1996;9;0.62;43370358;0.73;2976649;0.87;1998;10;3593;148;4.11;117;3.26
43391526;1995;11;0.75;433703924;0.62;6018247;0.87;1998;4;4364;190;4.34;141;3.22
37790673;1996;6;0.75;37789055;0.5;9042443;1;1998;8;4344;187;4.3;128;2.95
43392127;1996;4;0.62;43332054;0.25;9042443;1;1996;9;3737;155;4.14;108;2.89
53300187;1995;10;0.84;43370352;0.68;1841142;1;1998;4;4281;185;4.31;124;2.9
53305446;1997;5;0.78;43390935;0.62;915045;0.87;1999;6;4055;162;3.98;131;3.22
43391544;1995;12;0.56;433608251;0.25;6118247;0.87;1998;5;4319;156;3.62;134;3.1
43393316;1996;4;0.68;37777038;0.5;1711741;0.75;1998;7;3683;153;4.17;118;3.21
43379984;1994;6;0.81;33389274;0.62;4719546;1;1996;8;3470;121;3.47;93;2.17
53305455;1997;5;0.79;43372866;0.62;7207843;0.96;1999;11;4136;167;4.03;129;3.09
43379266;1994;3;0.62;27799640;0.25;4719546;1;1996;5;3930;155;3.94;122;3.1
43379228;1994;3;0.43;43332638;0.37;1248615;0.5;1996;6;4671;174;3.72;129;2.77
53308391;1997;7;0.5;43352407;0;6456342;1;2000;2;4618;187;4.04;157;3.38
43394314;1996;12;0.68;43380737;0.37;551448;1;1999;3;5811;243;4.19;175;3.02
43379274;1994;3;0.65;43332358;0.62;892217;0.68;1996;6;4391;162;3.78;125;2.91
53300133;1995;8;0.43;43372815;0.12;572910;0.75;1998;5;3521;179;5.08;121;3.45
43393339;1996;8;0.62;43379256;0.37;925045;0.87;1999;4;3862;149;3.85;125;3.23
53300034;1995;5;0.75;33389220;0.5;4719546;1;1997;7;4778;201;4.21;131;2.74
43393348;1996;9;0.58;43372820;0.28;7161540;0.88;1999;5;3832;154;4.01;120;3.13
53305493;1997;6;0.81;43352328;0.62;1995840;1;1999;12;5578;208;3.73;163;2.92
53308383;1997;7;0.84;53300096;0.68;551948;1;1999;11;4879;192;3.93;149;3.05
43379998;1994;6;0.68;33381439;0.37;4719546;1;1996;9;3400;120;3.54;105;3.08
53300191;1995;10;0.68;43312362;0.37;1464142;1;1998;6;4572;193;4.23;143;3.13
43393337;1996;8;0.81;43379984;0.75;915045;0.87;1999;5;4440;211;4.76;149;3.35
37789060;1994;5;0.37;43332503;0.62;6823911;0.75;1996;6;3385;138;4.08;95;2.8
43391557;1995;12;0.52;43372849;0.18;6118247;0.87;1998;3;5369;237;4.41;164;3.05
53308352;1997;6;0.87;37777108;0.75;7186346;1;2000;1;4468;194;4.34;143;3.2
43393792;1996;11;0.81;43380773;0.62;3786344;1;1999;5;5893;233;3.96;181;3.07
53305449;1997;5;0.75;43372571;0.5;551946;1;2000;1;3800;141;3.7;122;3.21
37777087;1993;4;0.37;33370939;0.25;3310715;0.5;1995;5;3537;146;4.14;112;3.16
53300176;1995;1;0.5;33354288;0;4719546;1;1999;5;4202;171;4.07;126;3
43394315;1996;12;0.84;43380792;0.68;531948;1;1999;3;4040;174;4.32;123;3.04
43353121;1992;12;0.5;43312199;0.5;1360811;0.5;1995;5;4355;178;4.08;134;3.08
43394391;1997;1;0.62;43338892;0.25;1995840;1;1999;4;4804;203;4.22;147;3.05
43393340;1996;8;0.75;43379982;0.62;915045;0.87;1999;1;4257;181;4.26;140;3.29
37789089;1994;10;0.87;43332576;0.75;4719546;1;1996;12;3598;145;4.03;111;3.28
43393785;1996;10;0.75;433792494;0.5;3786344;1;1998;12;3151;148;4.69;101;3.19
53300083;1995;5;0.68;37777085;0.37;4719546;1;1997;6;4118;212;5.16;135;3.29
43369817;1993;4;0.46;433122665;0.5;324008;0.43;1995;6;2933;115;3.93;100;3.42
43352356;1992;1;0.62;333149080;0.25;5437444;1;1994;5;4214;164;3.9;142;3.36
43352443;1992;3;0.12;27767522;0.25;4480717;0;1994;5;3673;138;3.75;116;3.17
43352407;1992;2;0;133946545;0;4480717;0;1994;7;3707;156;4.21;139;3.75
43393319;1996;5;0.75;43332368;0.5;6456342;1;1998;9;4271;174;4.02;129;3.02
43352350;1992;1;0.37;33389273;0.25;308408;0.5;1994;5;3097;117;3.76;89;2.87
43352285;1991;12;0.25;433122013;0.5;5647518;0;1994;4;4016;163;4.06;131;3.27
43390933;1994;12;0.5;27790656;0;4719546;1;1997;2;3770;171;4.54;110;2.51
43391535;1995;11;0.68;43370394;0.5;6118247;0.87;1998;4;5291;202;3.81;155;2.93
43352495;1992;5;0;23361332;0;4480717;0;1995;5;3836;153;3.98;133;3.48
43392148;1996;4;0.56;43372846;0.25;1711741;0.87;1998;7;3771;144;3.83;118;3.12
43393336;1996;8;0.82;43380706;0.62;915045;0.87;1999;1;3754;191;5.1;131;3.48
43393332;1996;8;0.86;37759142;0.72;9042443;1;1999;1;5281;194;3.67;153;2.9
43373809;1993;12;0.5;33381042;0;5441348;1;1996;3;3759;163;4.32;123;3.28
43353147;1993;1;0.12;43332215;0.25;4632914;0;1995;3;3572;137;3.84;125;3.51
43373964;1994;2;0.5;23361743;0;546745;1;1996;5;3998;152;3.8;118;3.12
43379922;1994;4;0.25;43340070;0;1248615;0.5;1996;5;3776;169;4.27;125;3.31
53300142;1995;8;0.5;37759141;0.12;6118247;0.87;1998;1;4821;195;4.04;155;3.21
53305409;1997;4;0.77;43391050;0.79;910112;0.75;1999;9;4490;214;4.78;149;3.32
53305490;1997;6;0.62;37777013;0.25;551948;1;1999;9;4409;208;4.73;143;3.24
53301292;1996;8;0.5;33372153;0;9042443;1;1998;12;4589;198;4.31;150;3.26
53300066;1996;6;0.75;43332445;0.25;4719546;1;1997;7;4258;211;4.96;142;3.33
53300096;1995;6;0.68;43332050;0.37;1841142;1;1997;7;4134;192;4.65;136;3.28
53301251;1996;6;0.78;433799250;0.62;9008940;0.94;1998;9;5853;222;3.79;176;3
43391639;1996;1;0.5;43332615;0;1464142;1;1998;5;4287;190;4.43;134;3.13
43392132;1996;4;0.75;433739860;0.5;1464142;1;1998;9;5110;214;4.19;161;3.15
43390965;1994;12;0.81;43352537;0.62;4719546;1;1997;3;4580;214;4.67;135;3.45
43391580;1996;1;0.87;43372814;0.72;1464142;1;1998;4;4458;204;4.57;140;3.14
43391594;1996;1;0.59;43339912;0.5;711401;0.68;1998;5;4916;196;3.99;159;3.24
43391051;1995;2;0.81;43353129;0.62;4719546;1;1997;3;3753;168;4.49;112;2.98
53300025;1995;4;0.56;43332406;0.12;4719546;1;1997;7;3598;175;4.86;125;3.47
53300115;1995;7;0.62;433326667;0.5;572910;0.75;1997;8;4995;213;4.26;161;3.23
43391055;1995;2;0.5;43332638;0.37;438209;0.62;1997;3;3982;168;4.22;121;3.03
43391065;1995;2;0.62;43312287;0.25;4719546;1;1997;3;4587;189;4.12;138;3.01
53300026;1995;4;0.75;33399828;0.5;4719546;1;1997;7;3525;151;4.28;108;3.06
43391528;1995;11;0.76;433534707;0.56;7075547;0.97;1997;1;5807;214;3.89;170;2.93
43380805;1994;12;0.5;33381044;0;4719546;1;1997;5;4421;219;4.95;143;3.23
43393305;1996;4;0.75;43373960;0.5;1464142;1;1998;10;4772;179;3.75;153;3.2
43390938;1994;12;0.68;43338894;0.37;4719546;1;1997;3;3426;158;4.62;102;2.98
43390935;1994;12;0.62;33314530;0.25;4719546;1;1997;5;4545;185;4.07;142;3.13
43391634;1996;2;0.5;33372221;0;6456342;1;1998;6;4149;191;4.61;143;3.45
43393289;1996;5;0.65;37789038;0.37;9008940;0.94;1998;10;4998;202;4.04;146;2.93
53305489;1997;6;0.87;37789136;0.75;551948;1;1999;9;4210;158;3.76;122;2.89
53305407;1997;4;0.87;43391123;0.75;551948;1;1999;9;4177;196;4.7;135;3.23
43390971;1995;11;0.5;43332528;0;573142;1;1997;1;2956;131;4.43;92;3.12
53300047;1995;5;0.68;63332436;0.5;6118246;0.87;1997;9;4791;201;4.19;150;3.13
43393769;1996;9;0.62;37759186;0.25;1464142;1;1999;1;4116;178;4.33;133;3.23
43390960;1994;12;0.87;43352540;0.75;4719546;1;1997;2;3843;163;4.24;114;2.97
43379981;1994;6;0.5;43352463;0.5;1248615;0.5;1996;6;3689;158;4.88;113;3.06
43390941;1994;12;0.5;27790626;0;4719546;1;1997;2;3564;173;4.87;107;2.93
53300105;1995;6;0.79;27790638;0.58;1841142;1;1997;6;3819;186;4.87;122;3.19
43391030;1995;1;0.5;333722210;0;4719546;1;1997;2;3664;144;3.94;116;3.16
53300106;1995;6;0.75;43332303;0.5;1841142;1;1998;2;5772;257;4.45;191;3.33
43393338;1996;8;0.75;43379987;0.62;915045;0.87;1999;2;4823;205;4.26;158;3.28
43391585;1995;12;0.65;37777037;0.62;711401;0.68;1998;5;5244;222;4.24;162;3.08
43391668;1996;2;0.43;43352433;0.12;1363918;0.75;1998;4;4435;187;4.22;138;3.12
43391559;1995;12;0.7;43370384;0.62;1840910;0.75;1998;9;4475;200;4.46;135;3.02
43373366;1993;11;0.37;43332606;0.25;1248615;0.5;1995;12;4964;200;4.02;156;3.25
43394300;1996;11;0.62;43372816;0.25;551948;1;1999;2;6264;247;3.84;177;2.82
53305495;1997;6;0.37;433792428;0;751603;0.75;1999;9;3805;158;4.16;120;3.15
43391540;1995;11;0.68;43312084;0.5;6118247;0.87;1998;3;5172;184;3.55;165;3.19
53308358;1997;6;0.75;43379293;0.5;7186346;1;1999;9;5067;233;4.61;173;3.42
43352575;1992;6;0.62;333996144;0.5;2144713;0.75;1994;8;4687;204;4.36;148;3.16
53311319;1997;9;0.5;43373365;0.25;723907;0.75;2000;1;5580;203;3.65;132;2.91
43393788;1996;11;0.43;433698250;0;7060944;0.87;1999;3;4085;149;3.65;129;3.15
53300192;1995;10;0.76;433733555;0.65;6118247;0.87;1998;1;5635;208;3.69;175;3.1
43393767;1996;10;0.68;43379959;0.5;7060944;0.87;1999;3;5092;195;3.82;159;3.12
53305357;1997;3;0.59;433523112;0.25;2131546;0.94;1999;9;4039;128;3.16;121;2.99
43394309;1996;12;0.62;43372898;0.37;7060649;0.87;1999;3;4998;181;3.62;155;3.11
53311342;1997;11;0.67;43380727;0.37;7186641;0.97;2000;2;5265;195;3.7;145;2.75
43394303;1996;12;0.75;43379951;0.5;551948;1;1999;2;4389;199;4.54;134;3.06
53300171;1995;9;0.71;37734179;0.5;3773844;0.94;1997;11;7075;259;3.66;215;3.05
37789037;1994;3;0.64;37759119;0.78;1248615;0.5;1996;5;4177;184;4.41;127;3.04
43380794;1994;10;0.5;33372235;0.12;5115711;0.87;1997;1;5104;198;3.87;157;3.08
43393795;1996;11;0.87;43380742;0.75;551948;1;1999;9;5483;262;4.78;172;3.13
43391641;1996;1;0.75;43332581;0.5;1464142;1;1998;6;4304;171;3.97;135;3.14
43393323;1996;7;0.81;43379242;0.62;7077945;1;1998;10;5231;194;3.7;153;2.93
43391108;1995;3;0.18;43352392;0.37;1479517;0;1997;8;4177;162;3.87;136;3.26
43391045;1995;2;0.68;43312059;0.5;6118247;0.87;1997;7;6354;224;3.52;197;3
53308354;1997;6;0.53;433534325;0.12;2131546;0.94;1999;10;4465;170;3.82;140;3.13
53305448;1997;5;0.59;43373884;0.25;2131546;0.94;1999;9;5658;195;3.45;166;2.94
53305410;1997;4;0.6;43379289;0.25;7207943;0.96;1999;7;5340;243;4.56;178;3.34
53300153;1995;8;0.78;37759197;0.62;3773844;0.94;1997;10;5296;195;3.69;161;3.04
53308518;1997;8;0.87;53300127;0.75;551948;1;2000;1;5276;190;3.6;153;2.91
43394313;1996;12;0.56;43373026;0.25;7060649;0.87;1999;3;4365;169;3.88;139;3.19
43394302;1996;12;0.81;43380731;0.62;551948;1;1999;3;4551;186;4.09;146;3.2
53305368;1997;3;0.53;43391038;0.12;2121546;0.94;1999;9;5321;222;4.17;167;3.13
53300019;1995;4;0.73;43332485;0.59;5115711;0.87;1997;8;5101;224;4.39;165;3.2
43380806;1994;12;0.62;33389165;0.25;4719546;1;1997;9;5010;162;3.24;141;2.82
53300113;1995;7;0.75;43332433;0.5;1841142;1;1997;12;4903;252;5.13;194;3.55
43392138;1996;4;0.62;43379209;0.25;1464142;1;1998;9;4759;222;4.67;162;3.41
53300183;1995;10;0.68;43370358;0.37;1841142;1;1998;1;4224;184;4.36;145;3.44
53308505;1997;7;0.84;433910458;0.68;551948;1;1999;10;5782;201;3.47;175;3.03
53300181;1995;10;0.75;43332491;0.5;1464142;1;1998;1;4715;185;3.93;142;3.01
53300058;1995;5;0.62;43372846;0.25;4719546;1;1997;7;5286;199;3.76;161;3.05
43373818;1993;12;0.75;43312084;0.5;5441348;1;1996;1;5401;206;3.81;160;2.97
43379201;1994;2;0.37;377590396;0;910512;0.75;1996;4;5508;221;4.02;172;3.13
53308514;1997;8;0.78;43370125;0.56;551948;1;1999;11;4549;188;4.14;146;3.2
53305358;1997;3;0.68;433909229;0.37;551948;1;2000;1;5611;210;3.74;167;2.97
53311344;1997;11;0.67;43380733;0.37;7186641;0.97;2000;2;5715;175;3.06;172;3.01
43391538;1995;11;0.62;37734152;0.37;6118247;0.87;1998;3;5180;208;4.01;165;3.18
53308392;1997;7;0.81;43332366;0.62;6456342;1;1999;11;5376;173;3.23;167;3.1
53308508;1997;7;0.79;37789045;0.59;7186346;1;1999;11;4848;229;4.72;166;3.42
53308394;1997;7;0.75;37734179;0.5;1995840;1;1999;11;5286;186;3.52;162;3.06
53305469;1997;5;0.65;43379229;0.5;723002;0.81;1999;11;5249;194;3.7;174;3.32
53308385;1997;4;0.84;53300049;0.75;2131546;0.94;1999;11;4625;186;4.03;140;3.02
53305287;1997;2;0.68;43372890;0.37;9002841;1;1999;11;4342;180;4.14;145;3.35
53308537;1997;8;0.78;43373355;0.57;6456342;1;2000;1;5523;207;3.75;169;3.06
53308364;1997;6;0.72;43312272;0.5;2135247;0.94;1999;10;4563;194;4.26;167;3.66
53305382;1997;3;0.62;43332417;0.25;3786344;1;1999;11;4870;207;4.26;162;3.33
53305471;1997;5;0.73;43373943;0.5;7207843;0.96;1999;11;5630;226;4.02;120;3.19
53305482;1997;6;0.59;43352329;0.25;2135247;0.94;1999;12;6055;182;3.01;177;2.92
53305500;1997;6;0.56;37789038;0.37;751603;0.75;1999;10;4201;170;4.02;147;3.51
53308517;1997;8;0.68;43372889;0.37;551948;1;1999;10;4317;175;4.05;140;3.25
53305478;1997;5;0.59;43332446;0.25;2131546;0.94;1999;10;4003;178;4.46;132;3.3
53305452;1997;5;0.56;43352397;0.12;3786344;1;1999;10;4484;179;4;130;2.91
53308361;1997;6;0.56;43352306;0.12;551948;1;1999;10;4351;178;4.09;143;3.29
53305397;1997;3;0.75;43373809;0.5;7061348;1;1999;10;3587;143;3.99;121;3.37
53308507;1997;7;0.62;43370379;0.37;7208942;0.88;1999;9;4354;188;4.39;143;3.28
53305415;1997;5;0.62;37777086;0.25;551948;1;1999;9;3873;161;4.21;127;3.34
53308359;1997;6;0.61;43372831;0.23;551948;1;1999;9;4378;163;3.72;139;3.18
53305475;1997;5;0.87;37789092;0.81;2131546;0.94;1999;10;5177;229;4.42;174;3.36
53305487;1997;6;0.65;43373969;0.5;723002;0.81;1999;9;4064;172;4.24;135;3.31
53305438;1997;4;0.73;37759040;0.45;551948;1;1999;9;4513;197;4.37;140;3.11
53305428;1997;4;0.5;43352434;0;551948;1;1999;8;4048;174;4.31;134;3.31
43394380;1997;1;0.62;43373811;0.37;7060649;0.87;1999;8;4659;163;3.5;150;3.22
53305463;1997;5;0.62;43354000;0.25;551948;1;1999;9;5320;186;3.42;164;3.09
53305395;1997;3;0.62;43373889;0.25;7061348;1;1999;9;4323;174;4.02;147;3.39
43394384;1997;1;0.5;43390921;0;3786344;1;1999;9;5166;198;3.84;165;3.2
53305460;1997;5;0.53;43373985;0.25;723002;0.81;1999;9;5124;185;3.6;158;3.08
53305459;1997;5;0.5;43332604;0;551948;1;1999;9;3668;121;3.3;118;3.22
53305419;1997;4;0.73;43373981;0.5;7207843;0.96;1999;12;4569;188;4.1;151;3.31
53305289;1997;2;0.75;43391030;0.5;551948;1;1999;8;4249;149;3.51;126;2.96
53305420;1997;4;0.66;43373851;0.37;7207843;0.96;1999;9;4940;174;3.52;153;3.16
53305375;1997;3;0.68;37777087;0.37;551948;1;1999;8;4369;177;4.05;132;3.02
43394381;1997;1;0.62;43332060;0.25;1495840;1;1999;9;4991;183;3.67;151;3.03
53305271;1997;2;0.75;43380806;0.5;551948;1;1999;8;4297;167;3.88;124;2.89
53305394;1997;3;0.75;43391032;0.5;551949;1;1999;9;3773;156;4.14;123;3.27
43394395;1997;1;0.75;43390971;0.5;6551948;1;1999;9;3991;151;3.78;117;2.94
53305363;1997;3;0.5;43373982;0;7061348;1;1999;8;3978;146;3.66;132;3.33
53305468;1997;5;0.5;13311570;0;551948;1;1999;9;3667;136;3.7;116;3.15
53305371;1997;3;0.62;43352350;0.25;551948;1;1999;9;4287;146;3.4;118;2.75
53305481;1997;5;0.87;43380747;0.75;551948;1;2000;1;4153;139;3.33;127;3.06
53305422;1997;4;0.75;53300015;0.5;551948;1;1999;9;4150;163;3.93;138;3.32
53305356;1997;3;0.59;43332295;0.25;2131546;0.94;1999;11;4989;165;3.31;164;3.29
43394382;1997;1;0.87;43390926;0.75;551948;1;1999;4;4665;179;3.84;131;2.81
43393351;1996;9;0.63;43338668;0.37;2131516;0.9;1999;2;4123;168;4.08;117;2.83
37790731;1996;11;0.94;43352436;0.88;551948;1;1999;2;3896;133;3.41;117;3.01
37790740;1996;12;0.25;37777006;0.5;915046;0;1999;2;4370;186;4.26;140;3.21
43393782;1996;10;0.5;33381050;0;3786344;1;1999;3;2692;125;4.65;83;3.07
43394290;1996;11;0.68;43372882;0.5;7162344;0.87;1999;4;4191;210;5;137;3.26
43394316;1996;12;0.84;43380790;0.68;551948;1;1999;4;4523;190;4.2;129;2.86
43393776;1996;10;0.75;37734161;0.5;3786344;1;1999;2;4096;163;3.99;124;3.02
43394305;1996;12;0.47;43380935;0;2131546;0.94;1999;3;4004;179;4.48;126;3.15
43394296;1996;11;0.65;43338900;0.37;2131546;0.94;1999;3;4839;194;4;147;3.03
43393774;1996;10;0.5;43312176;0;3786344;1;1999;4;3886;184;4.74;122;3.14
43394389;1997;1;0.53;43373856;0.43;720905;0.63;1999;5;3642;158;4.34;114;3.14
53305378;1997;3;0.84;43390969;0.68;551948;1;1999;9;4452;221;4.96;148;3.32
53305267;1997;2;0.75;43332626;0.5;551948;1;1999;5;4816;206;4.27;145;3.01
53305299;1997;2;0.68;43332028;0.37;551948;1;1999;8;3273;148;4.54;106;3.23
53305262;1997;1;0.59;43312309;0.25;2131546;0.94;1999;5;4144;165;3.99;129;3.12
53305265;1997;1;0.5;33381044;0;3786344;1;1999;6;4130;193;4.66;132;3.2
53305256;1997;1;0.5;33372221;0;551948;1;1999;6;4202;175;4.15;134;3.18
53305413;1997;4;0.66;43379282;0.37;7207843;0.96;1999;8;4700;165;3.5;125;2.67
53308368;1997;6;0.84;43391120;0.68;551948;1;1999;11;5902;197;3.34;184;3.11
43393779;1996;10;0.5;43332697;0;3786344;1;1999;6;4604;203;4.41;141;3.07
53305385;1997;3;0.75;43312368;0.5;3786344;1;1999;6;3765;158;4.2;116;3.09
53305282;1997;2;0.5;33372078;0;551948;1;1999;7;3075;116;3.78;100;3.24
53305254;1997;1;0.84;43332413;0.69;3786344;1;1999;6;4580;210;4.59;141;3.07
43393784;1996;11;0.5;43332519;0.12;2131546;0.94;1999;6;4931;207;4.19;150;3.04
53305260;1997;1;0.67;33389216;0.37;2131546;0.94;1999;6;4606;192;4.16;135;2.94
53308371;1997;6;0.72;43332498;0.5;2135247;0.94;1999;10;4698;198;4.1;144;3.06
43394377;1997;1;0.75;43339914;0.5;551948;1;1999;7;4209;177;4.2;136;3.23
53305416;1997;4;0.59;43352285;0.25;2131546;0.94;1999;8;3895;184;4.72;122;3.13
53305429;1997;4;0.75;37777038;0.5;551948;1;1999;8;5167;214;4.15;159;3.07
53305279;1997;2;0.62;43332676;0.25;1995840;1;1999;7;4725;198;4.18;148;3.13
53305274;1997;2;0.87;43353100;0.75;551948;1;1999;7;5115;185;3.61;140;2.73
43391837;1996;3;0.81;43332358;0.62;6456342;1;1998;6;4702;203;4.31;149;3.17
43393713;1996;6;0.81;43379257;0.75;915045;0.87;1998;7;3715;160;4.3;117;3.14
43391826;1996;4;0.62;43332545;0.25;9042443;1;1998;6;4500;200;4.43;150;3.33
53305387;1997;3;0.5;43312389;0;3786344;1;1999;10;5403;206;3.82;169;3.13
43393706;1996;6;0.65;43312338;0.37;9008940;0.94;1998;6;4566;206;4.5;151;3.3
43393686;1996;5;0.5;333709157;0;6456342;1;1998;6;5191;209;4.03;153;2.94
43391839;1996;3;0.82;37777061;0.75;7098840;0.9;1998;6;4032;182;4.51;131;3.26
43392139;1996;4;0.62;43352285;0.25;9042443;1;1998;6;4131;193;4.66;137;3.32
43393295;1996;5;0.59;43379965;0.25;9008940;0.94;1998;7;5011;220;4.39;163;3.26
43393284;1996;5;0.68;43352463;0.37;5456342;1;1998;7;4517;207;4.58;143;3.17
43393294;1996;5;0.46;43372839;0.12;15708;0.81;1998;7;5169;254;4.92;171;3.3
43391819;1996;3;0.72;43312282;0.5;9008940;0.94;1998;7;4124;167;4.06;129;3.12
43391832;1996;3;0.52;37777078;0.23;15203;0.81;1998;6;5056;190;3.75;163;3.22
43393690;1996;5;0.68;433531343;0.37;6456342;1;1998;7;4768;190;3.98;144;3.03
43391831;1996;3;0.68;43353149;0.37;7047441;1;1998;7;4469;212;4.74;146;3.27
43392140;1996;4;0.56;37777084;0.25;1711741;0.87;1998;7;4822;183;3.79;143;2.96
53305437;1997;4;0.78;33389147;0.62;2131546;0.94;1994;9;5233;196;3.75;171;3.27
43393681;1996;5;0.53;43353372;0.25;15708;0.81;1998;7;4905;194;3.96;142;2.9
43392155;1996;5;0.68;43332352;0.37;9042443;1;1998;7;3729;196;5.27;132;3.53
53301264;1996;7;0.75;43379254;0.5;9091443;1;1998;9;4134;176;4.25;134;3.23
53305435;1997;5;0.75;33399808;0.5;551948;1;1999;11;3938;164;4.17;127;3.23
43391558;1995;12;0.75;43373362;0.5;6456342;1;1998;8;4419;189;4.29;141;3.2
43393288;1996;5;0.75;33399606;0.5;6456342;1;1998;6;3103;146;4.69;101;3.27
53305470;1997;5;0.73;43332681;0.5;7207843;0.96;2000;1;4162;163;3.92;133;3.2
43391672;1996;2;0.37;43352367;0;1840910;0.75;1998;9;3343;147;4.4;103;3.09
43393334;1996;7;0.56;43352413;0.37;716401;0.75;1998;9;2985;157;5.24;104;3.49
43393303;1996;4;0.5;13311572;0;1464142;1;1998;9;4323;194;4.5;137;3.17
43391679;1996;3;0.61;43353130;0.28;7075547;0.97;1998;9;3521;128;3.64;108;3.07
53301252;1996;6;0.5;43373985;0.25;910112;0.75;1998;11;4097;208;5.08;133;3.25
53308380;1997;7;0.75;53300032;0.56;2131546;0.94;2000;1;5697;180;3.16;167;2.94
37790723;1996;10;0.69;43380723;0.38;551948;1;1998;12;3551;141;3.97;103;2.9
53301267;1996;7;0.37;43379284;0;910112;0.75;1999;1;4490;185;4.13;137;3.06
37790712;1996;9;0.1;37789072;0.19;9042223;0;1999;1;5040;200;3.96;147;2.91
53301282;1996;8;0.62;377341886;0.5;910112;0.75;1999;1;4345;186;4.29;137;3.16
53308366;1997;6;0.87;37789046;0.75;9059444;1;1999;11;6195;186;3.01;188;3.03
53305352;1997;2;0.68;433123807;0.37;551948;1;1999;7;4982;172;3.45;156;3.14
43394297;1996;12;0.75;43312199;0.5;3786344;1;1999;3;4665;175;3.76;135;2.9
43393312;1996;5;0.5;43353432;0.12;1711741;0.87;1998;6;3510;134;3.28;105;2.99
43391830;1996;3;0.56;43353413;0.21;7047449;1;1998;6;4108;154;3.75;117;2.84
53305424;1997;4;0.5;43332271;0;551948;1;1999;8;4276;151;3.54;121;2.83
43391614;1996;1;0.75;433524786;0.5;7075547;1;1998;6;2129;80;3.78;59;2.79
53305476;1997;5;0.72;43391942;0.44;551948;1;1999;11;5025;172;3.43;151;3
43391643;1996;2;0.68;43332398;0.37;6456342;1;1998;5;4852;189;3.9;150;3.1
43391550;1995;12;0.43;43394620;0;6118247;0.87;1998;5;5223;192;3.67;175;3.35
43391582;1996;1;0.54;43338661;0.12;7075547;0.97;1998;5;4455;168;3.76;137;3.08
43391568;1995;12;0.5;43332528;0;6456342;1;1998;5;5347;199;3.73;159;2.98
53300170;1995;9;0.62;43369841;0.25;552542;1;1998;5;5246;194;3.69;167;3.18
43391833;1996;4;0.75;43332750;0.5;9042443;1;1998;6;4071;178;4.37;135;3.22
43393780;1996;10;0.75;43372578;0.5;3786344;1;1998;1;4702;197;4.18;131;2.79
43391617;1996;1;0.62;43332060;0.25;1464142;1;1998;4;4926;182;3.7;145;2.95
43391804;1996;3;0.5;43332679;0;6456342;1;1998;4;5439;222;4.09;168;3.09
43391555;1995;12;0.61;43370465;0.85;7075547;0.97;1998;4;3937;150;3.8;127;3.22
43391616;1996;1;0.75;33399604;0.5;6456342;1;1998;4;4654;196;4.2;141;3.04
53300200;1995;11;0.75;33389231;0.5;1841142;1;1998;3;4544;156;3.43;128;2.82
43391606;1996;1;0.5;43340070;0;6456342;1;1998;4;5570;203;3.65;169;3.04
53305474;1997;5;0.75;43312337;0.5;551948;1;1999;11;4919;164;3.32;138;2.8
53308520;1997;7;0.5;43312349;0;1995840;1;1999;12;5192;191;3.69;163;3.14
43391590;1995;12;0.5;43312379;0;1464142;1;1998;3;5446;208;3.82;173;3.17
53300166;1995;9;0.75;43370129;0.62;6118247;0.87;1998;1;6262;236;3.44;196;2.85
53305427;1997;4;0.84;43391024;0.68;3786344;1;1999;7;4643;171;3.68;140;3.01
43391548;1995;11;0.43;43332655;0;6118247;0.87;1998;1;5291;181;3.42;158;2.98
53305278;1997;2;0.75;33399621;0.5;551948;1;1999;10;4212;158;3.76;125;2.96
53300164;1995;9;0.62;33389050;0.25;1464142;1;1998;1;6587;207;3.14;182;2.77
53305388;1997;3;0.86;37789094;0.72;551948;1;1999;8;5448;186;3.41;170;3.12
53300124;1995;7;0.68;43352378;0.5;7097141;0.87;1997;10;3779;161;4.26;129;3.42
53305430;1997;4;0.68;43353134;0.37;551948;1;1999;8;4064;144;3.55;111;2.74
43391622;1996;1;0.61;43332348;0.47;1840910;0.75;1998;4;5650;199;3.52;166;2.94
43380755;1994;9;0.68;43352567;0.37;4719546;1;1997;6;5361;220;4.1;164;3.06
53300008;1995;4;0.37;13311567;0;572910;0.75;1997;5;3606;146;4.05;115;3.19
53305436;1997;4;0.5;27790601;0;551948;1;1999;12;4520;169;3.74;145;3.21
43391656;1996;2;0.62;43353124;0.25;9048647;1;1998;6;4393;199;4.52;139;3.17
43391661;1996;2;0.63;43352345;0.5;1363918;0.75;1998;4;6753;236;3.5;187;2.77
78168382;1993;3;0.87;68102622;0.81;4472340;0.94;1995;9;4736;224;4.73;152;3.21
78140752;1992;3;0.87;68153779;0.75;2485048;1;1994;10;4544;187;4.12;142;3.12
78146562;1992;3;0.81;58102298;0.62;2485048;1;1994;10;5283;186;3.53;154;2.91
78150366;1991;9;0.87;68156395;0.75;4690142;1;1994;12;5863;193;3.29;165;2.82
78199447;1995;3;0.68;68124672;0.37;1841142;1;1997;11;4342;202;4.65;151;3.47
78169432;1993;11;0.87;68102634;0.75;2484949;1;1996;5;4087;159;3.88;135;3.31
78167327;1993;3;0.68;68172622;0.37;895342;1;1996;1;4680;225;4.81;150;3.21
78153721;1991;11;0.82;68172413;0.65;2468349;1;1994;3;4623;165;3.57;137;2.96
68124700;1990;9;0.87;68153640;0.75;2468349;1;1993;2;3449;144;4.17;91;2.63
78186873;1994;3;0.76;68102820;0.62;576344;0.9;1996;9;4484;195;4.35;138;3.07
78141685;1991;3;0.75;58101779;0.5;2468349;1;1994;4;5478;193;3.51;158;2.88
78145745;1991;9;0.75;58142876;0.5;2462440;1;1994;12;6453;236;3.66;194;3
78153725;1991;12;0.5;38106007;0.5;2130819;0.5;1994;10;5414;217;4.01;178;3.28
88116398;1997;3;0.87;68124643;0.75;9059549;1;1999;8;5327;256;4.8;183;3.44
88118983;1997;4;0.84;78141664;0.68;1464142;1;1999;8;4856;209;4.31;152;3.13
78168336;1993;1;0.72;78133984;0.62;556209;0.81;1995;8;4343;204;4.7;149;3.43
88116415;1997;1;0.75;78146515;0.5;1464142;1;1999;9;5826;289;4.96;197;3.38
88102924;1995;1;0.93;78146532;0.87;1841142;1;1998;2;5850;216;3.7;191;3.26
78190938;1995;11;0.81;68124919;0.87;1840910;0.75;1998;2;5530;237;4.28;176;3.18
88116381;1996;10;0.75;78141573;0.5;1464142;1;1999;7;6283;319;5.06;226;3.6
88102868;1995;5;0.82;6810289;0.64;1841142;1;1998;1;7523;271;3.6;226;3.01
88102895;1995;11;0.87;68124685;0.75;9034648;1;1998;2;6343;240;3.78;211;3.32
78199418;1995;7;0.87;78146510;0.75;1841142;1;1998;3;7819;357;4.57;278;3.55
78199424;1995;3;0.75;78133941;0.5;9034143;1;1998;2;6313;290;4.59;247;3.92
88118942;1997;2;0.75;78153786;0.5;1464142;1;1999;9;7412;281;3.79;231;3.12
88106440;1996;11;0.68;68102642;0.62;1840910;0.75;1999;3;7402;360;4.87;245;3.31
78133999;1990;12;0.75;48108429;0.5;2477948;1;1993;9;5822;207;3.56;163;2.8
88109470;1996;5;0.81;78141632;0.62;9042443;1;1999;3;7115;325;4.57;243;3.41
88102905;1995;10;0.78;78167317;0.81;583701;0.75;1998;7;5890;242;4.11;193;3.28
78150392;1991;12;0.75;68156277;0.5;2478447;1;1994;9;4973;194;3.9;152;3.06
78169477;1993;5;0.84;681537573;0.75;4472340;0.94;1995;10;4477;188;4.2;138;3.08
88102938;1995;12;0.68;78141521;0.37;1841142;1;1998;7;6138;249;4.06;204;3.32
88102888;1995;10;0.75;78167311;0.75;583701;0.75;1998;7;5686;237;4.17;189;3.33
78169407;1993;9;0.78;78133994;0.75;556209;0.81;1996;1;4830;213;4.4;154;3.19
78169447;1994;3;0.87;68172329;0.75;546745;1;1996;9;3896;165;4.24;120;3.08
88109524;1996;4;0.84;78145742;0.68;9042348;1;1998;12;7132;344;4.82;242;3.4
88102931;1995;10;0.59;68124786;0.68;1248615;0.5;1998;7;6505;277;4.26;229;3.52
78169427;1993;11;0.87;68124680;0.75;2484949;1;1996;3;4842;200;4.13;156;3.22
88106466;1996;2;0.81;78153703;0.62;1841142;1;1998;12;6334;288;4.55;215;3.39
88109474;1996;6;0.5;78145724;0;9042348;1;1999;3;6108;262;4.3;211;3.45
88116399;1997;3;0.81;68172616;0.62;9059549;1;1999;8;7778;335;4.3;230;2.96
88118956;1997;4;0.81;681248213;0.62;1464142;1;1999;7;7052;282;4;233;3.3
78193407;1994;10;0.76;78153703;0.62;576344;0.9;1997;9;7349;282;3.84;241;3.28
88116409;1996;12;0.84;68102699;0.68;1464142;1;1999;9;8442;338;4.01;270;3.2
88119001;1997;8;0.72;781909488;0.5;7208742;0.95;2000;3;7029;320;4.55;223;3.17
78190964;1994;7;0.56;68102742;0.37;6818718;0.75;1997;9;6355;261;4.1;205;3.23
78193436;1995;1;0.94;68102634;0.87;6114146;1;1997;8;5357;249;4.64;183;3.42
88118933;1997;5;0.82;78169482;0.65;1464142;1;1999;7;5168;201;3.88;166;3.21
88109499;1996;10;0.86;781683367;0.72;1464142;1;1999;5;4692;228;4.85;162;3.45
78190920;1994;10;0.72;78150390;0.68;583701;0.75;1997;9;6601;311;4.71;228;3.46
88116395;1997;3;0.75;68124736;0.5;1464142;1;1999;9;5874;253;4.3;180;3.06
78193468;1994;12;0.81;68102820;0.62;1841142;1;1997;3;4044;186;4.6;121;3
88102933;1995;10;0.87;68172596;0.75;1464142;1;1998;6;5557;250;4.5;192;3.46
78190993;1994;11;0.65;78145747;0.75;583501;0.56;1997;3;6675;271;4.06;195;2.92
78199377;1995;3;0.62;78146595;0.68;583501;0.56;1997;11;6501;257;3.95;209;3.21
78168346;1993;3;0.72;68102839;0.56;1335145;0.87;1995;12;4479;217;4.83;147;3.29
88109540;1996;6;0.5;78168398;0;42348;1;1999;1;5762;264;4.57;210;3.65
88102920;1996;1;0.84;78146592;0.68;9057741;1;1998;6;6204;247;3.99;207;3.33
88109502;1996;3;0.5;68102887;0;9042443;1;1998;7;6163;248;4.02;195;3.17
88102850;1995;11;0.62;68102881;0.25;1841142;1;1998;7;5248;222;4.22;172;3.28
88109556;1996;9;0.72;78186865;0.56;712744;0.87;1999;2;6923;262;3.79;223;3.22
78193430;1994;12;0.75;68172596;0.75;1840910;0.75;1997;9;5316;261;4.92;188;3.53
78186957;1994;4;0.81;68124920;0.87;571811;0.75;1997;5;4643;216;4.65;146;3.14
88116357;1996;11;0.81;78146565;0.62;1840910;0.75;1999;3;7288;320;4.39;236;3.24
78190911;1994;9;0.87;58101658;0.75;9013393;1;1997;9;8051;334;4.14;268;3.33
88109532;1996;5;0.62;68153713;0.25;9042348;1;1998;12;5757;276;4.8;196;3.4
78190999;1994;12;0.59;68124804;0.43;1840910;0.75;1997;8;6038;276;4.57;191;3.16
88109488;1996;6;0.93;78140741;0.87;9042348;1;1999;7;8774;398;4.53;284;3.24
78193348;1995;1;0.81;68102642;0.62;6114146;1;1997;9;5815;242;4.17;183;3.14
78193433;1994;12;0.56;78145745;0.56;583501;0.56;1997;9;5573;244;4.39;195;3.5
88102841;1995;4;0.86;78133972;0.7;6114146;1;1997;11;6874;289;4.2;212;3.09
78199380;1995;1;0.62;68102814;0.75;1248615;0.5;1998;4;5790;264;4.57;192;3.31
88109472;1996;5;0.84;68102658;0.68;9042443;1;1999;1;6838;347;5.08;239;3.5
78169494;1993;12;0.5;78153749;0;2485248;1;1996;4;5405;215;3.97;175;3.23
78186910;1994;1;0.72;78141682;0.62;556209;0.81;1996;9;5416;251;4.64;175;3.23
88106421;1995;12;0.81;68124937;0.62;9057646;1;1998;7;6931;328;4.73;237;3.42
78141664;1991;2;0.68;68102655;0.62;2134615;0.75;1994;3;4354;165;3.8;130;2.99
88116370;1996;11;0.75;68124983;0.5;1464142;1;1999;6;6572;294;4.48;215;3.27
88118969;1997;5;0.81;68192412;0.62;3786844;1;1999;8;6878;223;4.58;176;3.61
88106386;1996;1;0.75;68172625;0.5;9057646;1;1998;12;8312;365;4.39;288;3.46
88102882;1995;9;0.81;78168382;0.87;583701;0.75;1998;10;8611;328;3.81;284;3.3
88116430;1997;1;0.93;78140736;0.87;1464142;1;1999;9;6331;310;4.89;208;3.28
88109481;1996;3;0.81;78133983;0.87;1840910;0.75;1999;3;7876;355;4.51;265;3.37
88118951;1997;3;0.75;58102389;0.5;1464142;1;1999;9;6981;265;3.79;216;3.1
88116356;1996;11;0.94;68124700;0.87;1464142;1;1999;7;8301;356;4.29;253;3.05
78199431;1995;6;0.79;78146571;0.58;9034648;1;1998;6;5535;212;3.83;183;3.31
88109483;1996;4;0.75;58102344;0.75;1840910;0.75;1998;12;6258;314;5.02;218;3.49
88109512;1996;6;0.82;78161791;0.65;9042443;1;1999;3;6486;264;4.07;220;3.39
88109508;1996;4;0.68;78169551;0.62;583701;0.75;1998;12;6770;284;4.19;211;3.11
88106413;1996;3;0.93;78141665;0.87;1841142;1;1999;2;6011;256;4.26;178;2.96
88102877;1995;8;0.75;68156252;0.5;1841142;1;1998;2;7464;314;4.21;258;3.46
78199429;1995;5;0.87;68124684;0.75;9034648;1;1998;1;7204;289;4.01;240;3.33
88116343;1996;8;0.76;78169496;0.65;712744;0.87;1999;3;6456;227;3.52;212;3.28
88106382;1995;12;0.68;68102789;0.37;1841142;1;1998;7;7550;274;3.63;242;3.21
78199445;1995;3;0.81;68124751;0.62;1841142;1;1997;11;5687;266;3.98;217;3.25
88118932;1997;5;0.89;78168332;0.78;146142;1;1999;9;6233;263;4.22;209;3.35
88102893;1995;10;0.81;78150397;0.62;9057646;1;1998;6;5751;267;4.64;195;3.39
78193465;1994;12;0.69;78146582;0.81;583501;0.56;1997;11;8136;271;3.33;243;2.99
78193439;1995;2;0.62;68153650;0.25;1841142;1;1997;11;7078;294;4.15;232;3.28
78199411;1995;5;0.62;68124771;0.5;1840910;0.75;1997;1;6460;284;4.4;217;3.36
78193461;1994;12;0.44;78193420;0;563949;0.87;1998;1;6501;257;3.95;203;3.12
88102879;1995;8;0.68;68102755;0.37;1841142;1;1998;2;6640;224;3.37;213;3.21
88102927;1995;10;0.75;78141548;0.5;1841142;1;1998;2;4926;200;4.06;175;3.55
88102934;1995;10;0.87;68102689;0.75;9034146;1;1998;6;6262;247;3.94;218;3.48
88102887;1995;9;0.75;68124913;0.5;1841142;1;1998;8;6376;269;4.21;210;3.29
78199413;1995;6;0.65;78133939;0.81;1248615;0.5;1998;12;7636;278;3.64;250;3.28
88106417;1996;3;0.86;78150319;0.72;1841142;1;1998;1;7184;293;4.08;231;3.22
88116347;1996;9;0.81;78169596;0.75;712744;0.87;1999;1;7834;320;4.08;254;3.24
88109477;1996;7;0.87;78141606;0.75;1841142;1;1999;1;7181;295;4.11;234;3.26
88116428;1997;1;0.86;78161768;0.72;1464142;1;1999;1;6973;304;4.36;230;3.3
88109534;1996;5;0.82;78141676;0.64;9042348;1;1999;1;6150;307;4.99;230;3.74
88106473;1996;3;0.7;78141534;0.4;9042348;1;1999;2;6014;269;4.48;213;3.54
88109535;1996;5;0.81;68102619;0.62;9042348;1;1999;1;7815;334;4.27;258;3.3
88106438;1996;3;0.91;781339730;0.81;1841142;1;1999;2;7772;342;4.4;274;3.53
88106436;1996;5;0.75;78153793;0.5;9057646;1;1999;1;7572;324;4.28;265;3.5
88109467;1996;4;0.87;68124646;0.75;9042348;1;1999;1;6968;276;3.96;240;3.44
88109536;1996;6;0.5;78168319;0;9042348;1;1999;1;6106;282;4.62;216;3.53
78141629;1990;12;0.5;48108053;0;2468349;1;1993;1;3652;141;3.87;108;2.96
78146538;1992;1;0.75;58101643;0.5;2485248;1;1994;10;5219;197;3.78;162;3.11
88102903;1995;9;0.62;78161747;0.5;583701;0.75;1998;7;4961;182;3.67;150;3.03
88116362;1996;8;0.62;78169547;0.37;712744;0.87;1999;6;4128;171;4.15;127;3.07
78140745;1992;9;0.62;68102645;0.5;2170211;0.75;1995;12;5255;216;4.12;158;3
78199372;1995;2;0.75;68102818;0.5;1841142;1;1998;2;4559;210;4.61;146;3.2
78169472;1993;3;0.75;68102557;0.62;895342;0.87;1995;11;3194;134;4.21;103;3.23
88116385;1996;11;0.87;781465094;0.75;1464142;1;1999;8;4669;209;4.47;139;2.97
78167308;1992;9;0.56;68124861;0.5;2154516;0.62;1995;10;5091;225;4.42;165;3.24
78141642;1991;4;0.62;58101735;0.5;2131013;0.75;1993;10;3825;152;3.97;124;3.25
78146572;1992;3;0.56;68102835;0.5;2154516;0.62;1994;10;4673;201;4.29;157;3.36
78193434;1994;12;0.71;78150366;0.87;583501;0.56;1997;10;5691;261;4.58;180;3.17
88106412;1996;3;0.75;78150388;0.5;1841142;1;1999;4;4280;172;4.02;128;2.98
78146515;1991;12;0.5;68102674;0.25;2134615;0.75;1995;4;4693;219;4.68;160;3.4
88102939;1995;12;0.71;78168341;0.68;583701;0.75;1998;9;5640;255;4.52;175;3.1
78186952;1994;3;0.73;78141555;0.56;576344;0.9;1996;9;4206;151;3.59;122;2.89
88102884;1995;9;0.72;78169478;0.7;583701;0.75;1998;7;4739;255;5.38;159;3.36
88109543;1996;7;0.75;78186875;0.75;710302;0.75;1999;8;4449;201;4.51;137;3.07
78186894;1994;4;0.75;68153608;0.5;546745;1;1997;4;3872;185;3.91;123;3.18
78169561;1993;7;0.62;68102260;0.75;6764619;0.5;1996;1;4531;161;3.54;130;2.86
78168363;1993;6;0.37;68124893;0;6823911;0.75;1996;2;4369;182;4.16;135;3.08
88118960;1997;4;0.85;78168369;0.71;1464142;1;1999;9;4647;210;4.53;143;3.07
88106432;1996;2;0.81;78141658;0.87;1840910;0.75;1999;1;5817;252;4.33;166;2.86
78168310;1992;12;0.62;68102401;0.5;6795718;0.75;1996;2;4024;171;4.25;126;3.12
88109480;1996;8;0.88;78169442;0.89;712744;0.87;1999;7;5235;225;4.31;211;3.09
78193394;1994;10;0.45;78190960;0;576344;0.9;1997;9;3560;152;4.28;105;2.96
78169553;1993;7;0.68;68156252;0.62;6823911;0.75;1996;2;3812;142;3.75;116;3.05
78150363;1991;9;0.87;58101661;0.75;2468349;1;1994;10;4386;191;4.35;142;3.23
88102861;1995;5;0.62;68153713;0.25;1841142;1;1998;2;4261;181;4.24;131;3.08
78153732;1991;12;0.5;68172617;0.25;2131013;0.75;1994;5;4237;163;3.85;136;3.21
88106434;1996;2;0.81;68124981;0.87;1840910;0.75;1999;1;5168;249;4.82;171;3.3
78169598;1993;12;0.87;68124707;0.75;2485248;1;1996;8;4885;209;4.27;146;2.98
78153722;1991;11;0.75;58101974;0.5;2468349;1;1994;2;2773;109;3.94;88;3.16
78146587;1992;2;0.68;68172580;0.37;3673442;1;1994;12;4141;145;3.51;125;3.01
88116402;1996;10;0.56;781415219;0.37;1840910;0.75;1999;12;5332;257;4.83;170;3.19
88116400;1997;4;0.78;78133901;0.62;9059549;1;1999;10;5232;225;4.3;159;3.03
88118962;1997;3;0.56;78153736;0.37;1840910;0.75;1999;10;4360;183;4.19;130;2.98
78146533;1992;1;0.56;68172533;0.25;2169042;0.87;1994;3;3541;130;3.68;114;3.23
88116412;1997;1;0.74;78168385;0.73;1840910;0.75;1999;8;3925;180;4.59;118;3
88109530;1996;5;0.68;68124827;0.62;1840910;0.75;1999;1;4889;195;3.98;163;3.34
88116384;1996;11;0.94;781416574;0.87;9059349;1;1999;11;4928;217;4.4;147;2.98
78141565;1991;3;0.5;58102225;0.5;2130819;0.5;1994;10;5067;200;3.96;168;3.32
88118944;1997;2;0.87;78153768;0.75;1464142;1;1999;11;5540;267;4.82;171;3.08
88109550;1996;9;0.7;78169462;0.53;712744;0.87;1999;11;4748;217;4.57;149;3.13
88102847;1995;7;0.53;68124976;0.56;1248615;0.5;1998;2;5065;194;3.84;141;2.78
78199391;1995;2;0.28;78190930;0;583501;0.56;1997;11;4844;224;4.63;147;3.03
78199453;1995;4;0.81;68124974;0.62;1841142;1;1998;3;4495;177;3.93;137;3.05
88106471;1996;3;0.68;68102706;0.37;1841142;1;1998;7;4975;198;3.99;156;3.14
88102940;1995;12;0.81;68102479;0.62;1841142;1;1998;12;4779;188;3.94;147;3.07
78199432;1995;6;0.81;78141632;0.62;9034648;1;1999;2;5791;259;4.48;179;3.09
78186885;1991;1;0;1;0;1;0;1994;2;3847;146;3.79;118;3.08
88102900;1995;11;0.87;78133980;0.75;9057646;1;1998;9;5177;229;4.43;167;3.22
78199363;1995;2;0.64;68102796;0.53;1840910;0.75;1997;9;4734;205;4.33;132;2.79
78199457;1995;5;0.5;78169583;0;1841142;1;1998;3;4390;184;4.19;137;3.12
88102859;1996;1;0.81;681026093;0.63;6114146;1;1999;3;5394;255;4.73;168;3.11
78199364;1995;2;0.84;68102429;0.68;1841142;1;1998;9;6395;242;3.78;198;3.09
78199397;1995;3;0.65;68124858;0.81;1248615;0.5;1997;12;5037;209;4.15;150;2.97
88116424;1996;12;0.93;78153752;0.87;1464142;1;1999;11;5594;256;4.58;169;3.03
88116358;1996;11;0.5;78153744;0;1464142;1;1999;5;4882;188;3.86;146;3
78140714;1992;5;0.68;68172649;0.62;2170211;0.75;1995;3;4181;160;3.82;134;3.21
88106462;1996;2;0.71;68124953;0.43;1841142;1;1998;7;4373;175;4.01;139;3.17
88118963;1997;3;0.87;781695128;0.75;1464142;1;1999;9;4323;187;4.33;128;2.97
78193470;1995;1;0.75;68114749;0.5;1841142;1;1997;3;3815;146;3.84;111;2.9
88106423;1995;12;0.71;78140731;0.68;712744;0.75;1999;1;4244;195;4.59;135;3.17
78145735;1991;9;0.56;68102763;0.5;2154516;0.62;1994;2;3385;140;4.15;107;3.17
78193435;1994;12;0.53;78153793;0.5;583510;0.56;1997;11;6518;285;4.38;200;3.07
88116365;1996;8;0.75;78186925;0.75;710302;0.75;1999;8;5001;230;4.61;162;3.23
78190952;1994;7;0.62;68102635;0.5;9818718;0.75;1997;9;5529;237;4.3;171;3.09
78193431;1994;12;0.75;68172604;0.75;1840910;0.75;1998;5;5277;246;4.66;172;3.25
88106395;1996;1;0.37;78190928;0;1840910;0.75;1998;7;5007;215;4.3;147;2.93
78153749;1989;1;0;2;0;2;0;1992;4;4709;186;3.95;136;2.88
88116408;1996;12;0.37;78193420;0;1840910;0.75;1999;11;5269;252;4.78;172;3.27
88109465;1996;3;0.71;68102592;0.43;9042443;1;1999;2;5267;215;4.08;165;3.13
78199400;1995;2;0.84;68124999;0.68;1841142;1;1998;3;4609;175;3.8;136;2.94
78190980;1994;11;0.59;78146581;0.31;563949;0.87;1997;11;4294;193;4.49;128;2.97
78168332;1993;1;0.78;68124690;0.75;556209;0.81;1995;5;4545;169;3.73;146;3.21
88118961;1997;3;0.68;78146533;0.62;1840910;0.75;1999;8;3870;171;4.41;118;3.05
78199444;1995;3;0.87;68153635;0.75;6114146;1;1998;3;3745;141;3.76;116;3.11
78193411;1994;11;0.62;68156396;0.5;1840910;0.75;1997;9;3483;150;4.32;103;2.97
78141507;1990;11;0.25;78153764;0;2451615;0.5;1993;8;2688;105;3.92;89;3.32
78146544;1992;2;0.81;58102471;0.62;2485248;1;1995;4;4275;170;3.98;134;3.14
78146595;1992;3;0.68;68124806;0.75;2154516;0.62;1995;3;4804;207;4.32;163;3.39
78186936;1994;4;0.37;78168302;0;6818718;0.75;1996;9;4429;184;4.16;131;2.95
78193442;1994;12;0.81;68172694;0.62;2467145;1;1997;8;3651;171;4.68;116;3.19
78146551;1992;1;0.75;68172603;0.75;2170211;0.75;1994;3;3333;127;3.8;104;3.12
68102823;1989;7;0.5;48108099;0.5;4163812;0.5;1991;9;4863;208;4.28;147;3.02
88109505;1996;4;0.9;78145750;0.81;9042348;1;1999;1;5377;236;4.39;168;3.13
78199405;1995;3;0.87;68124924;0.75;1841142;1;1997;11;5063;212;4.19;150;2.96
78146558;1992;2;0.87;58101656;0.75;2485048;1;1994;11;5199;184;3.53;154;2.96
78169559;1993;7;0.62;58102286;0.5;6823914;0.75;1996;4;5820;256;4.41;172;2.95
78193471;1995;1;0.75;58102383;0.5;1841142;1;1997;11;4733;208;4.4;142;2.99
88109528;1996;5;0.5;78153715;0;1841142;1;1998;7;4913;195;4.42;141;3.19
78190996;1994;12;0.56;78141642;0.62;6014110;1;1997;3;3769;147;3.91;114;3.02
88102925;1995;10;0.5;781683626;0.25;583701;0.75;1999;3;5303;274;5.17;172;3.24
78199376;1995;3;0.87;68124902;0.75;1841142;0.1;1998;5;5940;247;4.16;194;3.26
88102890;1995;10;0.72;78168361;0.7;583701;0.75;1999;2;4258;204;4.78;134;3.15
78169456;1993;8;0.43;68172418;0.12;6796712;0.75;1996;2;4060;169;4.17;130;3.21
78190956;1994;7;0.37;78169563;0;6818719;0.75;1997;9;4154;177;4.27;135;3.24
88102873;1995;8;0.75;68102566;0.5;1841142;1;1998;6;5125;200;3.91;161;3.14
88116376;1996;12;0.81;78146532;0.87;1840910;0.75;1999;11;4687;214;4.56;137;2.93
88102896;1995;11;0.75;78141573;0.5;9034648;1;1998;8;5272;250;4.73;182;3.45
88102853;1995;12;0.86;78169477;0.84;712744;0.87;1999;1;5050;264;5.24;169;3.34
78199446;1995;3;0.87;68102483;0.75;1841142;1;1998;3;4197;153;3.65;118;2.82
88102889;1995;10;0.75;78168334;0.75;583701;0.75;1998;8;4960;223;4.49;158;3.18
88106474;1996;3;0.81;78140747;0.62;9042348;1;1998;7;4810;190;3.94;152;3.16
78199402;1995;2;0.87;78140741;0.87;2469343;0.87;1998;2;4304;196;4.56;141;3.27
88116361;1996;8;0.75;78186938;0.75;710302;0.75;1999;8;3518;253;4.76;164;3.08
78193473;1995;1;0.75;68124941;0.5;1841142;1;1997;11;6051;252;4.17;190;3.14
78193464;1994;12;0.43;78193463;0;563949;0.87;1998;2;6556;233;3.56;188;2.86
88102849;1995;11;0.81;681726994;0.62;1841142;1;1999;3;5208;214;4.1;170;3.27
88116416;1997;1;0.71;78169536;0.43;1464142;1;1999;7;4662;213;4.56;141;3.02
88102894;1995;10;0.75;68102850;0.5;9034146;1;1998;6;4258;197;4.69;146;3.48
88106414;1996;3;0.81;78169427;0.87;583701;0.75;1999;3;4775;223;4.67;151;3.16
78199409;1995;4;0.65;78167312;0.75;583501;0.56;1997;8;2974;137;4.61;91;3.06
78168355;1993;3;0.43;78161733;0;1335145;0.87;1995;10;3748;152;4.06;115;3.08
78140746;1992;9;0.62;58102099;0.5;2170211;0.75;1995;11;3805;148;3.89;122;3.2
88109553;1996;9;0.75;78190903;0.75;710302;0.75;1999;2;4430;199;4.48;134;3.03
78199436;1995;7;0.93;78153757;0.86;1841142;1;1998;2;5674;247;4.36;179;3.16
78193474;1995;1;0.68;78141521;0.37;1841142;1;1998;2;4461;193;4.32;142;3.18
88106470;1996;3;0.5;78190925;0;1841142;1;1998;7;3780;162;4.28;124;3.27
88116403;1996;10;0.75;78190950;0.75;710302;0.75;1999;7;4435;195;4.4;139;3.13
88109475;1996;6;0.87;781503038;0.75;1841142;1;1999;8;4510;205;4.54;145;3.22
78169512;1993;7;0.62;68124917;0.5;5804519;0.75;1996;3;4642;215;4.62;159;3.43
88116431;1997;1;0.5;78190970;0;1464142;1;1999;7;4352;190;4.37;132;3.03
88116363;1996;8;0.62;78169549;0.37;712744;0.87;1999;12;4780;250;5.24;158;3.3
78168375;1993;1;0.68;68124774;0.62;2160913;0.75;1995;9;4244;186;4.38;131;3.09
88102865;1995;5;0.5;78168319;0;1841142;1;1998;7;4003;185;4.61;123;3.07
78199378;1995;3;0.62;78140714;0.68;583501;0.56;1998;2;4994;211;4.22;151;3.03
88116359;1996;11;0.68;78141546;0.37;1464142;1;1999;8;4956;214;4.32;152;3.06
78193385;1994;9;0.6;78153726;0.62;576344;0.9;1997;8;5089;232;4.56;163;3.2
78190982;1994;10;0.68;78150361;0.62;583701;0.75;1997;11;4322;194;4.5;124;2.88
78169475;1993;3;0.47;58102456;0;4472340;0.94;1995;10;3566;175;4.89;121;3.99
78190924;1994;7;0.43;68172450;0.12;571811;0.75;1997;8;5396;236;4.37;161;2.98
78190953;1994;7;0.75;68102578;0.75;6818718;0.75;1997;10;5125;245;4.79;168;3.27
88102854;1995;12;0.73;68124804;0.43;1841142;1;1999;1;5251;234;4.45;155;2.96
78167345;1993;1;0.62;68153775;0.5;2170211;0.75;1995;9;4535;202;4.46;146;3.21
88116435;1997;2;0.84;78146592;0.68;1464142;1;1999;8;4957;226;4.56;148;2.98
88116407;1996;12;0.81;78146502;0.62;1840910;0.75;1999;11;5170;241;4.67;153;2.95
88109476;1996;6;0.5;78141624;0;1841142;1;1999;8;4733;208;4.4;146;3.09
88116433;1997;2;0.78;68124985;0.56;1464142;1;1999;11;4429;179;4.44;147;3.31
88116425;1996;12;0.93;78133987;0.87;1464142;1;1999;11;5075;238;4.7;150;2.95
88116374;1996;12;0.56;781537029;0.37;1840910;0.75;1999;11;3680;189;5.15;114;3.12
78193420;1992;6;0;3;0;3;0;1994;12;3835;153;3.99;125;3.27
88109537;1996;6;0.81;68124991;0.62;9042348;1;1999;3;4922;228;4.64;162;3.29
88118935;1997;5;0.86;78169409;0.71;3786344;1;1999;8;4159;190;4.58;129;3.11
78193382;1994;9;0.6;78150309;0.37;576344;0.9;1997;9;4270;181;4.23;139;3.25
88116346;1996;9;0.78;78186869;0.68;712744;0.87;1999;11;5781;239;4.14;181;3.13
88106388;1995;12;0.62;78161728;0.5;583701;0.75;1998;8;5130;231;4.51;166;3.24
78169438;1993;12;0.81;68102642;0.62;9013448;1;1996;3;4520;184;4.07;149;3.3
88109538;1996;6;0.68;68124672;0.37;9042348;1;1999;1;4372;228;5.21;145;3.31
88118966;1997;4;0.93;78141658;0.87;9059549;1;1999;8;4330;182;4.21;129;2.99
78199425;1995;3;0.71;78140736;0.87;583501;0.56;1998;11;4827;199;4.12;153;3.17
78169409;1993;9;0.71;68124937;0.62;556209;0.81;1996;2;4280;209;4.88;140;3.28
78193478;1995;1;0.62;68124794;0.12;1841142;1;1997;11;4651;185;3.98;154;3.32
78193453;1995;1;0.59;78140713;0.62;583501;0.56;1998;3;5467;210;3.83;161;2.94
78193403;1994;10;0.5;78161716;0;5441348;1;1997;11;4668;182;3.91;154;3.29
78169592;1993;10;0.56;68102797;0.37;6826914;0.75;1996;8;2767;123;4.43;92;3.32
88116396;1997;3;0.75;68124682;0.75;1840910;0.75;1999;8;3783;169;4.48;120;3.16
78150388;1991;12;0.5;68156277;0;2468349;1;1994;10;5003;182;3.63;154;3.07
88109554;1996;9;0.72;78186884;0.7;710302;0.75;1999;1;4875;186;3.81;150;3.07
78153716;1991;10;0.28;58101808;0.06;2130819;0.5;1994;3;3847;150;3.9;128;3.33
88109560;1996;10;0.5;78133909;0.25;1840910;0.75;1999;7;3821;171;4.47;118;3.09
88106463;1996;2;0.62;78150399;0.5;1840910;0.75;1998;8;3985;185;4.63;136;3.37
78168303;1992;12;0.62;68124796;0.5;2160913;0.75;1995;10;5200;217;4.17;152;2.93
88106427;1996;1;0.81;68124860;0.62;9057646;1;1998;8;4746;203;4.27;154;3.25
88102914;1995;12;0.79;78168346;0.71;712744;0.87;1999;1;5383;249;4.63;167;3.1
88116341;1996;8;0.75;78153732;0.5;1841142;1;1999;11;5794;237;4.1;173;2.99
88102936;1995;11;0.65;78193406;0.31;9034648;1;1998;7;5003;246;4.92;174;3.47
78186865;1994;1;0.56;68102706;0.37;6823911;0.75;1996;9;4992;189;3.78;140;2.8
88116373;1996;12;0.76;48134489;0.5;1464142;1;1999;11;4061;186;4.57;123;3.04
88116414;1997;1;0.37;78186893;0;1840910;0.75;1999;11;4246;190;4.48;132;3.11
78140782;1992;4;0.43;68172390;0.62;2408;0.25;1995;1;3929;138;3.52;119;3.02
78186950;1994;3;0.86;78153721;0.82;576344;0.9;1996;9;3900;170;4.36;115;2.95
78186933;1994;4;0.68;68172304;0.62;6818718;0.75;1996;8;3581;134;3.74;108;3.02
88109552;1996;9;0.5;78190958;0;1841142;1;1999;3;5344;235;4.4;154;2.88
88106453;1996;2;0.75;68102818;0.5;1841142;1;1998;9;3959;201;5.07;128;3.24
78169444;1994;3;0.65;68102839;0.56;571811;0.75;1996;8;3681;154;4.19;110;2.98
88102909;1995;11;0.62;78161768;0.72;583701;0.75;1999;3;4886;252;5.16;150;3.08
78169548;1994;3;0.5;68139804;0.25;571811;0.75;1996;7;3440;143;4.17;102;2.96
88106396;1996;1;0.62;68153775;0.5;1840910;0.75;1998;8;4590;234;5.09;156;3.39
78186869;1994;2;0.68;68124878;0.37;2485143;1;1996;9;5700;198;3.47;157;2.76
78186960;1994;5;0.62;68124746;0.5;6818718;0.75;1996;8;4186;162;3.86;114;2.72
88109545;1996;8;0.84;78186874;0.82;712744;0.87;1999;7;4502;194;4.31;128;2.85
78186951;1994;3;0.79;78150384;0.68;576344;0.9;1997;5;4093;176;4.3;120;2.9
78186890;1994;3;0.72;78133972;0.7;571811;0.75;1996;8;3727;159;4.26;106;2.85
78190948;1994;6;0.5;68156244;0.25;6818718;0.75;1996;9;4007;165;4.11;121;3.01
78186877;1994;2;0.7;68172319;0.6;571811;0.75;1996;8;3585;144;4.02;106;2.95
78169462;1993;9;0.53;78133954;0.25;556209;0.81;1996;9;3637;170;4.68;119;3.27
78186872;1994;2;0.64;68153675;0.53;6823914;0.75;1996;8;3252;136;4.18;97;2.98
78168391;1993;1;0.65;68124749;0.5;556209;0.81;1995;10;3845;171;4.46;117;3.03
78199374;1995;3;0.87;68124745;0.75;6114146;1;1998;3;6239;275;4.41;182;2.91
88102917;1995;12;0.56;48134735;0.12;9057741;1;1998;7;4524;199;4.4;138;3.03
78190941;1994;5;0.76;78141513;0.62;576344;0.9;1997;4;4567;211;4.63;135;2.96
78190912;1994;9;0.7;78146585;0.5;576341;0.9;1997;4;4239;173;4.08;118;2.78
78186864;1994;1;0.81;68124816;0.87;6823911;0.75;1997;5;3533;147;4.16;100;2.84
88116417;1997;2;0.5;78169589;0;1464142;1;1999;11;5146;233;4.53;162;3.15
78190943;1994;5;0.5;48152955;0.25;6818718;0.75;1997;4;4235;173;4.08;110;2.6
88116406;1996;12;0.81;68102820;0.62;1464142;1;1999;12;5422;243;4.48;168;3.09
88102898;1995;11;0.75;68124736;0.5;9057646;1;1998;7;5482;241;4.4;166;3.02
78199449;1995;4;0.93;68124816;0.87;1841142;1;1997;9;5072;225;4.44;165;3.25
78190975;1994;10;0.56;78153790;0.56;583501;0.56;1997;4;3053;140;4.58;93;3.04
78190985;1994;10;0.52;78153786;0.5;583701;0.75;1997;5;4310;199;4.63;139;3.23
